timestamp,session,esp32_uptime_ms,temperature_c,humidity_percent
2026-09-28 03:06:37,2,3016,30.10,87.60
2026-09-28 03:06:39,2,5022,29.90,87.80
2026-09-28 03:06:41,2,7028,30.00,87.90
2026-09-28 03:06:43,2,9034,30.00,87.90
2026-09-28 03:06:45,2,11040,30.00,87.80
2026-09-28 03:06:48,2,13046,30.00,87.80
2026-09-28 03:06:50,2,15052,30.00,87.80
2026-09-28 03:06:52,2,17058,30.00,87.80
2026-09-28 03:06:54,2,19064,30.00,87.80
2026-09-28 03:06:56,2,21070,30.00,87.70
2026-09-28 03:06:58,2,23076,30.00,87.70
2026-09-28 03:07:00,2,25082,30.00,87.70
2026-09-28 03:07:02,2,27088,30.10,87.70
2026-09-28 03:07:04,2,29094,30.00,87.70
2026-09-28 03:07:06,2,31100,30.00,87.70
2026-09-28 03:07:08,2,33106,30.10,87.60
2026-09-28 03:07:10,2,35112,30.10,87.60
2026-09-28 03:07:12,2,37118,30.00,87.60
2026-09-28 03:07:14,2,39124,30.10,87.60
2026-09-28 03:07:16,2,41130,30.10,87.60
2026-09-28 03:07:18,2,43136,30.10,87.50
2026-09-28 03:07:20,2,45142,30.10,87.50
2026-09-28 03:07:22,2,47148,30.10,87.50
2026-09-28 03:07:24,2,49154,30.10,87.50
2026-09-28 03:07:26,2,51160,30.10,87.50
2026-09-28 03:07:28,2,53166,30.10,87.50
2026-09-28 03:07:30,2,55172,30.10,87.50
2026-09-28 03:07:32,2,57178,30.10,87.50
2026-09-28 03:07:34,2,59184,30.10,87.40
2026-09-28 03:07:36,2,61190,30.10,87.40
2026-09-28 03:07:38,2,63196,30.10,87.40
2026-09-28 03:07:40,2,65202,30.10,87.40
2026-09-28 03:07:42,2,67208,30.10,87.30
2026-09-28 03:07:44,2,69214,30.10,87.40
2026-09-28 03:07:46,2,71220,30.10,87.40
2026-09-28 03:07:48,2,73226,30.10,87.40
2026-09-28 03:07:50,2,75232,30.10,87.40
2026-09-28 03:07:52,2,77238,30.10,87.30
2026-09-28 03:07:54,2,79244,30.10,87.30
2026-09-28 03:07:56,2,81250,30.10,87.30
2026-09-28 03:07:58,2,83256,30.10,87.40
2026-09-28 03:08:00,2,85262,30.10,87.30
2026-09-28 03:08:02,2,87268,30.10,87.30
2026-09-28 03:08:04,2,89274,30.10,87.30
2026-09-28 03:08:06,2,91280,30.10,87.30
2026-09-28 03:08:08,2,93286,30.10,87.30
2026-09-28 03:08:10,2,95292,30.10,87.30
2026-09-28 03:08:12,2,97298,30.10,87.30
2026-09-28 03:08:14,2,99304,30.10,87.30
2026-09-28 03:08:16,2,101310,30.10,87.30
2026-09-28 03:08:18,2,103316,30.10,87.20
2026-09-28 03:08:20,2,105322,30.10,87.30
2026-09-28 03:08:22,2,107328,30.10,87.30
2026-09-28 03:08:24,2,109334,30.10,87.30
2026-09-28 03:08:26,2,111340,30.10,87.20
2026-09-28 03:08:28,2,113346,30.10,87.30
2026-09-28 03:08:30,2,115352,30.10,87.20
2026-09-28 03:08:32,2,117358,30.10,87.30
2026-09-28 03:08:34,2,119364,30.10,87.20
2026-09-28 03:08:36,2,121370,30.10,87.20
2026-09-28 03:08:38,2,123376,30.10,87.30
2026-09-28 03:08:40,2,125382,30.10,87.30
2026-09-28 03:08:42,2,127388,30.10,87.30
2026-09-28 03:08:44,2,129394,30.10,87.20
2026-09-28 03:08:46,2,131400,30.10,87.30
2026-09-28 03:08:48,2,133406,30.10,87.30
2026-09-28 03:08:50,2,135412,30.10,87.30
2026-09-28 03:08:52,2,137418,30.10,87.30
2026-09-28 03:08:54,2,139424,30.10,87.30
2026-09-28 03:08:56,2,141430,30.10,87.30
2026-09-28 03:08:58,2,143436,30.10,87.30
2026-09-28 03:09:00,2,145442,30.10,87.30
2026-09-28 03:09:02,2,147448,30.10,87.30
2026-09-28 03:09:04,2,149454,30.10,87.30
2026-09-28 03:09:06,2,151460,30.10,87.30
2026-09-28 03:09:08,2,153466,30.10,87.30
2026-09-28 03:09:10,2,155472,30.10,87.30
2026-09-28 03:09:12,2,157478,30.10,87.30
2026-09-28 03:09:14,2,159484,30.20,87.30
2026-09-28 03:09:16,2,161490,30.10,87.30
2026-09-28 03:09:18,2,163496,30.10,87.30
2026-09-28 03:09:20,2,165502,30.10,87.20
2026-09-28 03:09:22,2,167508,30.10,87.20
2026-09-28 03:09:24,2,169514,30.20,87.20
2026-09-28 03:09:26,2,171520,30.10,87.20
2026-09-28 03:09:28,2,173526,30.20,87.20
2026-09-28 03:09:30,2,175532,30.20,87.20
2026-09-28 03:09:32,2,177538,30.20,87.20
2026-09-28 03:09:34,2,179544,30.10,87.20
2026-09-28 03:09:36,2,181550,30.20,87.20
2026-09-28 03:09:38,2,183556,30.20,87.20
2026-09-28 03:09:40,2,185562,30.20,87.20
2026-09-28 03:09:42,2,187568,30.20,87.10
2026-09-28 03:09:44,2,189574,30.20,87.20
2026-09-28 03:09:46,2,191580,30.20,87.20
2026-09-28 03:09:48,2,193586,30.20,87.20
2026-09-28 03:09:50,2,195592,30.20,87.20
2026-09-28 03:09:52,2,197598,30.20,87.20
2026-09-28 03:09:54,2,199604,30.20,87.20
2026-09-28 03:09:56,2,201610,30.20,87.20
2026-09-28 03:09:58,2,203616,30.20,87.10
2026-09-28 03:10:00,2,205622,30.10,87.20
2026-09-28 03:10:02,2,207628,30.20,87.20
2026-09-28 03:10:04,2,209634,30.10,87.10
2026-09-28 03:10:06,2,211640,30.10,87.10
2026-09-28 03:10:08,2,213646,30.20,87.10
2026-09-28 03:10:10,2,215652,30.10,87.10
2026-09-28 03:10:12,2,217658,30.20,87.10
2026-09-28 03:10:14,2,219664,30.10,87.10
2026-09-28 03:10:16,2,221670,30.20,87.20
2026-09-28 03:10:18,2,223676,30.20,87.10
2026-09-28 03:10:20,2,225682,30.10,87.10
2026-09-28 03:10:22,2,227688,30.20,87.10
2026-09-28 03:10:24,2,229694,30.10,87.10
2026-09-28 03:10:26,2,231700,30.20,87.10
2026-09-28 03:10:28,2,233706,30.20,87.10
2026-09-28 03:10:30,2,235712,30.10,87.10
2026-09-28 03:10:32,2,237718,30.20,87.10
2026-09-28 03:10:34,2,239724,30.20,87.00
2026-09-28 03:10:36,2,241730,30.20,87.10
2026-09-28 03:10:38,2,243736,30.10,87.10
2026-09-28 03:10:40,2,245742,30.20,87.00
2026-09-28 03:10:42,2,247748,30.20,87.10
2026-09-28 03:10:44,2,249754,30.20,87.10
2026-09-28 03:10:46,2,251760,30.20,87.10
2026-09-28 03:10:48,2,253766,30.10,87.00
2026-09-28 03:10:50,2,255772,30.20,87.10
2026-09-28 03:10:52,2,257778,30.20,87.00
2026-09-28 03:10:54,2,259784,30.20,87.00
2026-09-28 03:10:56,2,261790,30.20,87.10
2026-09-28 03:10:58,2,263796,30.20,87.10
2026-09-28 03:11:00,2,265802,30.20,87.00
2026-09-28 03:11:02,2,267808,30.20,87.00
2026-09-28 03:11:04,2,269814,30.20,87.00
2026-09-28 03:11:06,2,271820,30.20,87.00
2026-09-28 03:11:08,2,273826,30.20,87.00
2026-09-28 03:11:10,2,275832,30.20,87.00
2026-09-28 03:11:12,2,277838,30.20,87.00
2026-09-28 03:11:14,2,279844,30.20,86.90
2026-09-28 03:11:16,2,281850,30.20,87.00
2026-09-28 03:11:18,2,283856,30.20,87.00
2026-09-28 03:11:20,2,285862,30.20,87.00
2026-09-28 03:11:22,2,287868,30.20,86.90
2026-09-28 03:11:24,2,289874,30.20,87.00
2026-09-28 03:11:26,2,291880,30.20,87.00
2026-09-28 03:11:28,2,293886,30.20,86.90
2026-09-28 03:11:30,2,295892,30.20,87.00
2026-09-28 03:11:32,2,297898,30.20,87.00
2026-09-28 03:11:34,2,299904,30.20,86.90
2026-09-28 03:11:36,2,301910,30.20,87.00
2026-09-28 03:11:38,2,303916,30.20,87.00
2026-09-28 03:11:40,2,305922,30.20,87.00
2026-09-28 03:11:42,2,307928,30.20,87.00
2026-09-28 03:11:44,2,309934,30.20,86.90
2026-09-28 03:11:46,2,311940,30.20,87.00
2026-09-28 03:11:48,2,313946,30.20,87.00
2026-09-28 03:11:50,2,315952,30.20,87.00
2026-09-28 03:11:52,2,317958,30.20,86.90
2026-09-28 03:11:54,2,319964,30.20,86.90
2026-09-28 03:11:56,2,321970,30.20,86.90
2026-09-28 03:11:58,2,323976,30.20,87.00
2026-09-28 03:12:00,2,325982,30.20,87.00
2026-09-28 03:12:02,2,327988,30.20,86.90
2026-09-28 03:12:04,2,329994,30.20,87.00
2026-09-28 03:12:06,2,332000,30.20,86.90
2026-09-28 03:12:08,2,334006,30.20,86.90
2026-09-28 03:12:10,2,336012,30.20,86.90
2026-09-28 03:12:12,2,338018,30.20,87.00
2026-09-28 03:12:14,2,340024,30.20,86.90
2026-09-28 03:12:16,2,342030,30.20,87.00
2026-09-28 03:12:18,2,344036,30.20,86.90
2026-09-28 03:12:20,2,346042,30.20,86.90
2026-09-28 03:12:23,2,348048,30.20,86.90
2026-09-28 03:12:25,2,350054,30.20,87.00
2026-09-28 03:12:27,2,352060,30.20,86.90
2026-09-28 03:12:29,2,354066,30.20,86.90
2026-09-28 03:12:31,2,356072,30.20,86.90
2026-09-28 03:12:33,2,358078,30.20,86.90
2026-09-28 03:12:35,2,360084,30.20,86.90
2026-09-28 03:12:37,2,362090,30.20,86.90
2026-09-28 03:12:39,2,364096,30.20,86.90
2026-09-28 03:12:41,2,366102,30.20,86.90
2026-09-28 03:12:43,2,368108,30.20,86.90
2026-09-28 03:12:45,2,370114,30.20,86.90
2026-09-28 03:12:47,2,372120,30.20,86.90
2026-09-28 03:12:49,2,374126,30.20,86.90
2026-09-28 03:12:51,2,376132,30.20,86.90
2026-09-28 03:12:53,2,378138,30.20,86.90
2026-09-28 03:12:55,2,380144,30.20,86.90
2026-09-28 03:12:57,2,382150,30.20,86.90
2026-09-28 03:12:59,2,384156,30.20,86.90
2026-09-28 03:13:01,2,386162,30.20,86.90
2026-09-28 03:13:03,2,388168,30.20,86.90
2026-09-28 03:13:05,2,390174,30.20,86.90
2026-09-28 03:13:07,2,392180,30.20,86.90
2026-09-28 03:13:09,2,394186,30.20,86.80
2026-09-28 03:13:11,2,396192,30.20,86.90
2026-09-28 03:13:13,2,398198,30.20,86.80
2026-09-28 03:13:15,2,400204,30.20,86.90
2026-09-28 03:13:17,2,402210,30.30,86.90
2026-09-28 03:13:19,2,404216,30.20,86.90
2026-09-28 03:13:21,2,406222,30.20,86.80
2026-09-28 03:13:23,2,408228,30.20,86.80
2026-09-28 03:13:25,2,410234,30.20,86.80
2026-09-28 03:13:27,2,412240,30.20,86.80
2026-09-28 03:13:29,2,414246,30.20,86.80
2026-09-28 03:13:31,2,416252,30.20,86.80
2026-09-28 03:13:33,2,418258,30.20,86.80
2026-09-28 03:13:35,2,420264,30.20,86.80
2026-09-28 03:13:37,2,422270,30.20,86.80
2026-09-28 03:13:39,2,424276,30.20,86.80
2026-09-28 03:13:41,2,426282,30.20,86.80
2026-09-28 03:13:43,2,428288,30.20,86.80
2026-09-28 03:13:45,2,430294,30.20,86.80
2026-09-28 03:13:47,2,432300,30.20,86.80
2026-09-28 03:13:49,2,434306,30.20,86.80
2026-09-28 03:13:51,2,436312,30.20,86.80
2026-09-28 03:13:55,2,440324,30.20,86.80
2026-09-28 03:13:57,2,442330,30.20,86.80
2026-09-28 03:13:59,2,444336,30.20,86.80
2026-09-28 03:14:01,2,446342,30.20,86.80
2026-09-28 03:14:03,2,448348,30.20,86.80
2026-09-28 03:14:05,2,450354,30.20,86.80
2026-09-28 03:14:07,2,452360,30.20,86.80
2026-09-28 03:14:09,2,454366,30.20,86.80
2026-09-28 03:14:11,2,456372,30.20,86.80
2026-09-28 03:14:13,2,458378,30.20,86.80
2026-09-28 03:14:15,2,460384,30.20,86.80
2026-09-28 03:14:17,2,462390,30.20,86.80
2026-09-28 03:14:19,2,464396,30.20,86.80
2026-09-28 03:14:21,2,466402,30.20,86.80
2026-09-28 03:14:23,2,468408,30.20,86.80
2026-09-28 03:14:25,2,470414,30.20,86.80
2026-09-28 03:14:27,2,472420,30.20,86.80
2026-09-28 03:14:29,2,474426,30.20,86.80
2026-09-28 03:14:31,2,476432,30.20,86.80
2026-09-28 03:14:33,2,478438,30.20,86.80
2026-09-28 03:14:35,2,480444,30.20,86.80
2026-09-28 03:14:37,2,482450,30.20,86.80
2026-09-28 03:14:39,2,484456,30.20,86.80
2026-09-28 03:14:41,2,486462,30.20,86.80
2026-09-28 03:14:43,2,488468,30.20,86.80
2026-09-28 03:14:47,2,492480,30.20,86.80
2026-09-28 03:14:49,2,494486,30.20,86.80
2026-09-28 03:14:51,2,496492,30.20,86.80
2026-09-28 03:14:53,2,498498,30.20,86.80
2026-09-28 03:14:55,2,500504,30.20,86.80
2026-09-28 03:14:57,2,502510,30.20,86.70
2026-09-28 03:14:59,2,504516,30.20,86.80
2026-09-28 03:15:01,2,506522,30.20,86.80
2026-09-28 03:15:03,2,508528,30.20,86.80
2026-09-28 03:15:05,2,510534,30.20,86.80
2026-09-28 03:15:07,2,512540,30.30,86.80
2026-09-28 03:15:09,2,514546,30.20,86.80
2026-09-28 03:15:11,2,516552,30.20,86.80
2026-09-28 03:15:13,2,518558,30.20,86.80
2026-09-28 03:15:15,2,520564,30.20,86.80
2026-09-28 03:15:17,2,522570,30.20,86.80
2026-09-28 03:15:19,2,524576,30.20,86.80
2026-09-28 03:15:21,2,526582,30.20,86.80
2026-09-28 03:15:23,2,528588,30.20,86.80
2026-09-28 03:15:25,2,530594,30.20,86.80
2026-09-28 03:15:27,2,532600,30.20,86.80
2026-09-28 03:15:29,2,534606,30.20,86.80
2026-09-28 03:15:31,2,536612,30.20,86.80
2026-09-28 03:15:33,2,538618,30.20,86.80
2026-09-28 03:15:35,2,540624,30.20,86.80
2026-09-28 03:15:37,2,542630,30.20,86.80
2026-09-28 03:15:39,2,544636,30.20,86.80
2026-09-28 03:15:41,2,546642,30.20,86.80
2026-09-28 03:15:43,2,548648,30.20,86.80
2026-09-28 03:15:45,2,550654,30.20,86.80
2026-09-28 03:15:47,2,552660,30.20,86.80
2026-09-28 03:15:49,2,554666,30.20,86.80
2026-09-28 03:15:51,2,556672,30.20,86.80
2026-09-28 03:15:53,2,558678,30.20,86.80
2026-09-28 03:15:55,2,560684,30.20,86.80
2026-09-28 03:15:57,2,562690,30.20,86.80
2026-09-28 03:15:59,2,564696,30.20,86.80
2026-09-28 03:16:01,2,566702,30.20,86.80
2026-09-28 03:16:03,2,568708,30.20,86.80
2026-09-28 03:16:05,2,570714,30.20,86.80
2026-09-28 03:16:07,2,572720,30.20,86.80
2026-09-28 03:16:09,2,574726,30.20,86.80
2026-09-28 03:16:11,2,576732,30.20,86.80
2026-09-28 03:16:13,2,578738,30.20,86.80
2026-09-28 03:16:15,2,580744,30.20,86.70
2026-09-28 03:16:17,2,582750,30.20,86.80
2026-09-28 03:16:19,2,584756,30.20,86.80
2026-09-28 03:16:21,2,586762,30.20,86.80
2026-09-28 03:16:23,2,588768,30.20,86.80
2026-09-28 03:16:25,2,590774,30.20,86.80
2026-09-28 03:16:27,2,592780,30.20,86.70
2026-09-28 03:16:29,2,594786,30.20,86.70
2026-09-28 03:16:31,2,596792,30.20,86.80
2026-09-28 03:16:33,2,598798,30.20,86.80
2026-09-28 03:16:35,2,600804,30.20,86.70
2026-09-28 03:16:37,2,602810,30.20,86.80
2026-09-28 03:16:39,2,604816,30.20,86.80
2026-09-28 03:16:41,2,606822,30.20,86.70
2026-09-28 03:16:43,2,608828,30.20,86.70
2026-09-28 03:16:45,2,610834,30.20,86.70
2026-09-28 03:16:47,2,612840,30.20,86.80
2026-09-28 03:16:49,2,614846,30.20,86.70
2026-09-28 03:16:51,2,616852,30.20,86.80
2026-09-28 03:16:53,2,618858,30.20,86.70
2026-09-28 03:16:55,2,620864,30.20,86.80
2026-09-28 03:16:57,2,622870,30.20,86.80
2026-09-28 03:16:59,2,624876,30.20,86.70
2026-09-28 03:17:01,2,626882,30.20,86.70
2026-09-28 03:17:03,2,628888,30.20,86.70
2026-09-28 03:17:05,2,630894,30.20,86.80
2026-09-28 03:17:07,2,632900,30.20,86.80
2026-09-28 03:17:09,2,634906,30.20,86.80
2026-09-28 03:17:11,2,636912,30.20,86.80
2026-09-28 03:17:13,2,638918,30.20,86.80
2026-09-28 03:17:15,2,640924,30.20,86.80
2026-09-28 03:17:17,2,642930,30.20,86.80
2026-09-28 03:17:19,2,644936,30.20,86.70
2026-09-28 03:17:21,2,646942,30.20,86.80
2026-09-28 03:17:23,2,648948,30.20,86.80
2026-09-28 03:17:25,2,650954,30.20,86.80
2026-09-28 03:17:27,2,652960,30.20,86.80
2026-09-28 03:17:29,2,654966,30.20,86.80
2026-09-28 03:17:31,2,656972,30.20,86.80
2026-09-28 03:17:33,2,658978,30.20,86.80
2026-09-28 03:17:35,2,660984,30.20,86.80
2026-09-28 03:17:37,2,662990,30.20,86.80
2026-09-28 03:17:39,2,664996,30.20,86.80
2026-09-28 03:17:41,2,667002,30.20,86.80
2026-09-28 03:17:43,2,669008,30.20,86.80
2026-09-28 03:17:45,2,671014,30.20,86.80
2026-09-28 03:17:47,2,673020,30.20,86.80
2026-09-28 03:17:49,2,675026,30.20,86.70
2026-09-28 03:17:51,2,677032,30.20,86.80
2026-09-28 03:17:53,2,679038,30.20,86.80
2026-09-28 03:17:55,2,681044,30.20,86.80
2026-09-28 03:17:57,2,683050,30.20,86.70
2026-09-28 03:18:00,2,685056,30.20,86.70
2026-09-28 03:18:02,2,687062,30.20,86.70
2026-09-28 03:18:04,2,689068,30.20,86.80
2026-09-28 03:18:06,2,691074,30.20,86.80
2026-09-28 03:18:08,2,693080,30.20,86.80
2026-09-28 03:18:10,2,695086,30.20,86.80
2026-09-28 03:18:12,2,697092,30.20,86.70
2026-09-28 03:18:14,2,699098,30.20,86.70
2026-09-28 03:18:16,2,701104,30.20,86.70
2026-09-28 03:18:18,2,703110,30.20,86.70
2026-09-28 03:18:20,2,705116,30.20,86.70
2026-09-28 03:18:22,2,707122,30.20,86.80
2026-09-28 03:18:24,2,709128,30.20,86.80
2026-09-28 03:18:26,2,711134,30.30,86.80
2026-09-28 03:18:28,2,713140,30.20,86.80
2026-09-28 03:18:30,2,715146,30.20,86.70
2026-09-28 03:18:32,2,717152,30.20,86.70
2026-09-28 03:18:34,2,719158,30.20,86.80
2026-09-28 03:18:36,2,721164,30.20,86.70
2026-09-28 03:18:38,2,723170,30.20,86.80
2026-09-28 03:18:40,2,725176,30.20,86.70
2026-09-28 03:18:42,2,727182,30.20,86.70
2026-09-28 03:18:44,2,729188,30.20,86.70
2026-09-28 03:18:46,2,731194,30.20,86.70
2026-09-28 03:18:48,2,733200,30.20,86.70
2026-09-28 03:18:50,2,735206,30.20,86.70
2026-09-28 03:18:52,2,737212,30.20,86.70
2026-09-28 03:18:54,2,739218,30.20,86.70
2026-09-28 03:18:56,2,741224,30.20,86.70
2026-09-28 03:18:58,2,743230,30.20,86.70
2026-09-28 03:19:00,2,745236,30.20,86.70
2026-09-28 03:19:02,2,747242,30.30,86.70
2026-09-28 03:19:04,2,749248,30.20,86.70
2026-09-28 03:19:06,2,751254,30.20,86.70
2026-09-28 03:19:08,2,753260,30.20,86.70
2026-09-28 03:19:10,2,755266,30.20,86.70
2026-09-28 03:19:12,2,757272,30.20,86.70
2026-09-28 03:19:14,2,759278,30.20,86.70
2026-09-28 03:19:16,2,761284,30.20,86.70
2026-09-28 03:19:18,2,763290,30.20,86.80
2026-09-28 03:19:20,2,765296,30.20,86.70
2026-09-28 03:19:22,2,767302,30.20,86.70
2026-09-28 03:19:24,2,769308,30.20,86.80
2026-09-28 03:19:26,2,771314,30.20,86.80
2026-09-28 03:19:28,2,773320,30.20,86.70
2026-09-28 03:19:30,2,775326,30.20,86.70
2026-09-28 03:19:32,2,777332,30.20,86.70
2026-09-28 03:19:34,2,779338,30.30,86.70
2026-09-28 03:19:36,2,781344,30.20,86.70
2026-09-28 03:19:38,2,783350,30.20,86.70
2026-09-28 03:19:40,2,785356,30.20,86.70
2026-09-28 03:19:42,2,787362,30.20,86.70
2026-09-28 03:19:44,2,789368,30.20,86.70
2026-09-28 03:19:46,2,791374,30.20,86.70
2026-09-28 03:19:48,2,793380,30.20,86.70
2026-09-28 03:19:50,2,795386,30.20,86.70
2026-09-28 03:19:52,2,797392,30.20,86.70
2026-09-28 03:19:54,2,799398,30.20,86.70
2026-09-28 03:19:56,2,801404,30.20,86.70
2026-09-28 03:19:58,2,803410,30.20,86.70
2026-09-28 03:20:00,2,805416,30.20,86.70
2026-09-28 03:20:02,2,807422,30.20,86.70
2026-09-28 03:20:04,2,809428,30.20,86.70
2026-09-28 03:20:06,2,811434,30.20,86.70
2026-09-28 03:20:08,2,813440,30.20,86.70
2026-09-28 03:20:10,2,815446,30.20,86.70
2026-09-28 03:20:12,2,817452,30.20,86.70
2026-09-28 03:20:14,2,819458,30.20,86.70
2026-09-28 03:20:16,2,821464,30.20,86.70
2026-09-28 03:20:18,2,823470,30.20,86.70
2026-09-28 03:20:20,2,825476,30.20,86.70
2026-09-28 03:20:22,2,827482,30.20,86.70
2026-09-28 03:20:24,2,829488,30.20,86.80
2026-09-28 03:20:26,2,831494,30.20,86.70
2026-09-28 03:20:28,2,833500,30.20,86.70
2026-09-28 03:20:30,2,835506,30.20,86.70
2026-09-28 03:20:32,2,837512,30.20,86.70
2026-09-28 03:20:34,2,839518,30.20,86.70
2026-09-28 03:20:36,2,841524,30.20,86.70
2026-09-28 03:20:38,2,843530,30.20,86.70
2026-09-28 03:20:40,2,845536,30.20,86.70
2026-09-28 03:20:42,2,847542,30.20,86.70
2026-09-28 03:20:44,2,849548,30.20,86.70
2026-09-28 03:20:46,2,851554,30.20,86.80
2026-09-28 03:20:48,2,853560,30.20,86.80
2026-09-28 03:20:50,2,855566,30.20,86.80
2026-09-28 03:20:52,2,857572,30.20,86.80
2026-09-28 03:20:54,2,859578,30.20,86.80
2026-09-28 03:20:56,2,861584,30.20,86.70
2026-09-28 03:20:58,2,863590,30.20,86.80
2026-09-28 03:21:00,2,865596,30.20,86.70
2026-09-28 03:21:02,2,867602,30.20,86.70
2026-09-28 03:21:04,2,869608,30.20,86.70
2026-09-28 03:21:06,2,871614,30.20,86.70
2026-09-28 03:21:08,2,873620,30.20,86.70
2026-09-28 03:21:10,2,875626,30.20,86.80
2026-09-28 03:21:12,2,877632,30.20,86.70
2026-09-28 03:21:14,2,879638,30.20,86.70
2026-09-28 03:21:16,2,881644,30.20,86.70
2026-09-28 03:21:18,2,883650,30.20,86.70
2026-09-28 03:21:20,2,885656,30.20,86.70
2026-09-28 03:21:22,2,887662,30.20,86.70
2026-09-28 03:21:24,2,889668,30.20,86.70
2026-09-28 03:21:26,2,891674,30.20,86.70
2026-09-28 03:21:28,2,893680,30.20,86.70
2026-09-28 03:21:30,2,895686,30.20,86.80
2026-09-28 03:21:32,2,897692,30.20,86.70
2026-09-28 03:21:34,2,899698,30.20,86.80
2026-09-28 03:21:36,2,901704,30.20,86.80
2026-09-28 03:21:38,2,903710,30.20,86.70
2026-09-28 03:21:40,2,905716,30.20,86.70
2026-09-28 03:21:42,2,907722,30.20,86.70
2026-09-28 03:21:44,2,909728,30.20,86.70
2026-09-28 03:21:46,2,911734,30.20,86.80
2026-09-28 03:21:48,2,913740,30.20,86.70
2026-09-28 03:21:50,2,915746,30.20,86.70
2026-09-28 03:21:52,2,917752,30.20,86.80
2026-09-28 03:21:54,2,919758,30.20,86.70
2026-09-28 03:21:56,2,921764,30.20,86.80
2026-09-28 03:21:58,2,923770,30.20,86.80
2026-09-28 03:22:00,2,925776,30.20,86.70
2026-09-28 03:22:02,2,927782,30.20,86.80
2026-09-28 03:22:04,2,929788,30.20,86.70
2026-09-28 03:22:06,2,931794,30.20,86.80
2026-09-28 03:22:08,2,933800,30.20,86.80
2026-09-28 03:22:10,2,935806,30.20,86.80
2026-09-28 03:22:12,2,937812,30.20,86.80
2026-09-28 03:22:14,2,939818,30.20,86.80
2026-09-28 03:22:16,2,941824,30.20,86.80
2026-09-28 03:22:18,2,943830,30.20,86.80
2026-09-28 03:22:20,2,945836,30.20,86.80
2026-09-28 03:22:22,2,947842,30.20,86.80
2026-09-28 03:22:24,2,949848,30.20,86.80
2026-09-28 03:22:26,2,951854,30.20,86.80
2026-09-28 03:22:28,2,953860,30.20,86.80
2026-09-28 03:22:30,2,955866,30.20,86.80
2026-09-28 03:22:32,2,957872,30.20,86.80
2026-09-28 03:22:34,2,959878,30.20,86.80
2026-09-28 03:22:36,2,961884,30.20,86.80
2026-09-28 03:22:38,2,963890,30.20,86.80
2026-09-28 03:22:40,2,965896,30.20,86.80
2026-09-28 03:22:42,2,967902,30.20,86.70
2026-09-28 03:22:44,2,969908,30.20,86.70
2026-09-28 03:22:46,2,971914,30.20,86.80
2026-09-28 03:22:48,2,973920,30.20,86.70
2026-09-28 03:22:50,2,975926,30.20,86.80
2026-09-28 03:22:52,2,977932,30.20,86.70
2026-09-28 03:22:54,2,979938,30.20,86.70
2026-09-28 03:22:56,2,981944,30.20,86.80
2026-09-28 03:22:58,2,983950,30.20,86.70
2026-09-28 03:23:00,2,985956,30.20,86.80
2026-09-28 03:23:02,2,987962,30.20,86.70
2026-09-28 03:23:04,2,989968,30.20,86.70
2026-09-28 03:23:06,2,991974,30.20,86.70
2026-09-28 03:23:08,2,993980,30.20,86.70
2026-09-28 03:23:10,2,995986,30.20,86.70
2026-09-28 03:23:12,2,997992,30.20,86.70
2026-09-28 03:23:14,2,999998,30.20,86.70
2026-09-28 03:23:16,2,1002004,30.30,86.70
2026-09-28 03:23:18,2,1004010,30.20,86.70
2026-09-28 03:23:20,2,1006016,30.30,86.70
2026-09-28 03:23:22,2,1008022,30.20,86.70
2026-09-28 03:23:24,2,1010028,30.20,86.70
2026-09-28 03:23:26,2,1012034,30.20,86.70
2026-09-28 03:23:28,2,1014040,30.20,86.70
2026-09-28 03:23:30,2,1016046,30.20,86.70
2026-09-28 03:23:32,2,1018052,30.30,86.70
2026-09-28 03:23:35,2,1020058,30.20,86.70
2026-09-28 03:23:37,2,1022064,30.20,86.60
2026-09-28 03:23:39,2,1024070,30.30,86.70
2026-09-28 03:23:41,2,1026076,30.30,86.70
2026-09-28 03:23:43,2,1028082,30.20,86.70
2026-09-28 03:23:45,2,1030088,30.20,86.70
2026-09-28 03:23:47,2,1032094,30.30,86.70
2026-09-28 03:23:49,2,1034100,30.30,86.70
2026-09-28 03:23:51,2,1036106,30.20,86.70
2026-09-28 03:23:53,2,1038112,30.20,86.60
2026-09-28 03:23:55,2,1040118,30.20,86.60
2026-09-28 03:23:57,2,1042124,30.20,86.70
2026-09-28 03:23:59,2,1044130,30.20,86.60
2026-09-28 03:24:01,2,1046136,30.20,86.60
2026-09-28 03:24:03,2,1048142,30.30,86.70
2026-09-28 03:24:05,2,1050148,30.30,86.70
2026-09-28 03:24:07,2,1052154,30.20,86.70
2026-09-28 03:24:09,2,1054160,30.30,86.70
2026-09-28 03:24:11,2,1056166,30.20,86.60
2026-09-28 03:24:13,2,1058172,30.20,86.70
2026-09-28 03:24:15,2,1060178,30.20,86.70
2026-09-28 03:24:17,2,1062184,30.30,86.70
2026-09-28 03:24:19,2,1064190,30.20,86.60
2026-09-28 03:24:21,2,1066196,30.20,86.70
2026-09-28 03:24:23,2,1068202,30.20,86.70
2026-09-28 03:24:25,2,1070208,30.20,86.70
2026-09-28 03:24:27,2,1072214,30.20,86.70
2026-09-28 03:24:29,2,1074220,30.20,86.70
2026-09-28 03:24:31,2,1076226,30.20,86.70
2026-09-28 03:24:33,2,1078232,30.20,86.70
2026-09-28 03:24:35,2,1080238,30.30,86.70
2026-09-28 03:24:37,2,1082244,30.20,86.70
2026-09-28 03:24:39,2,1084250,30.20,86.70
2026-09-28 03:24:41,2,1086256,30.20,86.70
2026-09-28 03:24:43,2,1088262,30.20,86.70
2026-09-28 03:24:45,2,1090268,30.20,86.70
2026-09-28 03:24:47,2,1092274,30.20,86.70
2026-09-28 03:24:49,2,1094280,30.20,86.70
2026-09-28 03:24:51,2,1096286,30.30,86.70
2026-09-28 03:24:53,2,1098292,30.20,86.70
2026-09-28 03:24:55,2,1100298,30.20,86.70
2026-09-28 03:24:57,2,1102304,30.30,86.70
2026-09-28 03:24:59,2,1104310,30.30,86.70
2026-09-28 03:25:01,2,1106316,30.30,86.70
2026-09-28 03:25:03,2,1108322,30.20,86.60
2026-09-28 03:25:05,2,1110328,30.30,86.70
2026-09-28 03:25:07,2,1112334,30.30,86.60
2026-09-28 03:25:09,2,1114340,30.30,86.60
2026-09-28 03:25:11,2,1116346,30.30,86.70
2026-09-28 03:25:13,2,1118352,30.20,86.60
2026-09-28 03:25:15,2,1120358,30.20,86.60
2026-09-28 03:25:17,2,1122364,30.30,86.70
2026-09-28 03:25:19,2,1124370,30.30,86.60
2026-09-28 03:25:21,2,1126376,30.30,86.60
2026-09-28 03:25:23,2,1128382,30.20,86.60
2026-09-28 03:25:25,2,1130388,30.30,86.60
2026-09-28 03:25:27,2,1132394,30.30,86.60
2026-09-28 03:25:29,2,1134400,30.20,86.60
2026-09-28 03:25:31,2,1136406,30.30,86.60
2026-09-28 03:25:33,2,1138412,30.30,86.60
2026-09-28 03:25:35,2,1140418,30.30,86.60
2026-09-28 03:25:37,2,1142424,30.30,86.70
2026-09-28 03:25:39,2,1144430,30.30,86.60
2026-09-28 03:25:41,2,1146436,30.30,86.70
2026-09-28 03:25:43,2,1148442,30.20,86.60
2026-09-28 03:25:45,2,1150448,30.30,86.70
2026-09-28 03:25:47,2,1152454,30.30,86.60
2026-09-28 03:25:49,2,1154460,30.30,86.60
2026-09-28 03:25:51,2,1156466,30.30,86.70
2026-09-28 03:25:55,2,1160478,30.30,86.60
2026-09-28 03:25:57,2,1162484,30.30,86.60
2026-09-28 03:25:59,2,1164490,30.30,86.60
2026-09-28 03:26:01,2,1166496,30.20,86.60
2026-09-28 03:26:03,2,1168502,30.30,86.60
2026-09-28 03:26:05,2,1170508,30.30,86.60
2026-09-28 03:26:07,2,1172514,30.30,86.60
2026-09-28 03:26:09,2,1174520,30.30,86.60
2026-09-28 03:26:11,2,1176526,30.20,86.60
2026-09-28 03:26:13,2,1178532,30.30,86.60
2026-09-28 03:26:15,2,1180538,30.30,86.60
2026-09-28 03:26:17,2,1182544,30.30,86.60
2026-09-28 03:26:19,2,1184550,30.30,86.60
2026-09-28 03:26:21,2,1186556,30.30,86.60
2026-09-28 03:26:23,2,1188562,30.30,86.60
2026-09-28 03:26:25,2,1190568,30.30,86.60
2026-09-28 03:26:27,2,1192574,30.30,86.60
2026-09-28 03:26:29,2,1194580,30.30,86.60
2026-09-28 03:26:31,2,1196586,30.30,86.60
2026-09-28 03:26:33,2,1198592,30.30,86.60
2026-09-28 03:26:35,2,1200598,30.30,86.60
2026-09-28 03:26:37,2,1202604,30.30,86.60
2026-09-28 03:26:39,2,1204610,30.30,86.60
2026-09-28 03:26:41,2,1206616,30.30,86.60
2026-09-28 03:26:43,2,1208622,30.30,86.60
2026-09-28 03:26:45,2,1210628,30.30,86.60
2026-09-28 03:26:49,2,1214640,30.30,86.60
2026-09-28 03:26:51,2,1216646,30.30,86.60
2026-09-28 03:26:53,2,1218652,30.30,86.60
2026-09-28 03:26:55,2,1220658,30.30,86.60
2026-09-28 03:26:57,2,1222664,30.30,86.50
2026-09-28 03:26:59,2,1224670,30.30,86.50
2026-09-28 03:27:01,2,1226676,30.30,86.60
2026-09-28 03:27:03,2,1228682,30.30,86.50
2026-09-28 03:27:05,2,1230688,30.30,86.50
2026-09-28 03:27:07,2,1232694,30.30,86.50
2026-09-28 03:27:09,2,1234700,30.30,86.50
2026-09-28 03:27:11,2,1236706,30.30,86.60
2026-09-28 03:27:13,2,1238712,30.30,86.50
2026-09-28 03:27:15,2,1240718,30.30,86.60
2026-09-28 03:27:17,2,1242724,30.30,86.50
2026-09-28 03:27:19,2,1244730,30.30,86.60
2026-09-28 03:27:21,2,1246736,30.30,86.60
2026-09-28 03:27:23,2,1248742,30.30,86.60
2026-09-28 03:27:25,2,1250748,30.30,86.60
2026-09-28 03:27:27,2,1252754,30.30,86.60
2026-09-28 03:27:29,2,1254760,30.30,86.50
2026-09-28 03:27:31,2,1256766,30.30,86.60
2026-09-28 03:27:33,2,1258772,30.30,86.60
2026-09-28 03:27:35,2,1260778,30.30,86.60
2026-09-28 03:27:37,2,1262784,30.30,86.60
2026-09-28 03:27:39,2,1264790,30.30,86.60
2026-09-28 03:27:41,2,1266796,30.30,86.60
2026-09-28 03:27:43,2,1268802,30.30,86.60
2026-09-28 03:27:45,2,1270808,30.30,86.60
2026-09-28 03:27:47,2,1272814,30.30,86.60
2026-09-28 03:27:49,2,1274820,30.30,86.60
2026-09-28 03:27:51,2,1276826,30.30,86.60
2026-09-28 03:27:53,2,1278832,30.30,86.60
2026-09-28 03:27:55,2,1280838,30.30,86.60
2026-09-28 03:27:57,2,1282844,30.30,86.60
2026-09-28 03:27:59,2,1284850,30.30,86.60
2026-09-28 03:28:01,2,1286856,30.30,86.60
2026-09-28 03:28:03,2,1288862,30.30,86.60
2026-09-28 03:28:05,2,1290868,30.30,86.60
2026-09-28 03:28:07,2,1292874,30.30,86.60
2026-09-28 03:28:09,2,1294880,30.30,86.60
2026-09-28 03:28:11,2,1296886,30.30,86.60
2026-09-28 03:28:13,2,1298892,30.30,86.60
2026-09-28 03:28:15,2,1300898,30.30,86.60
2026-09-28 03:28:17,2,1302904,30.30,86.60
2026-09-28 03:28:19,2,1304910,30.30,86.60
2026-09-28 03:28:21,2,1306916,30.30,86.60
2026-09-28 03:28:23,2,1308922,30.30,86.60
2026-09-28 03:28:25,2,1310928,30.30,86.50
2026-09-28 03:28:27,2,1312934,30.30,86.60
2026-09-28 03:28:29,2,1314940,30.30,86.60
2026-09-28 03:28:31,2,1316946,30.30,86.50
2026-09-28 03:28:33,2,1318952,30.30,86.50
2026-09-28 03:28:35,2,1320958,30.30,86.60
2026-09-28 03:28:37,2,1322964,30.30,86.50
2026-09-28 03:28:39,2,1324970,30.30,86.60
2026-09-28 03:28:41,2,1326976,30.30,86.60
2026-09-28 03:28:43,2,1328982,30.30,86.50
2026-09-28 03:28:45,2,1330988,30.30,86.50
2026-09-28 03:28:47,2,1332994,30.30,86.50
2026-09-28 03:28:49,2,1335000,30.30,86.60
2026-09-28 03:28:51,2,1337006,30.30,86.50
2026-09-28 03:28:53,2,1339012,30.30,86.50
2026-09-28 03:28:55,2,1341018,30.30,86.50
2026-09-28 03:28:57,2,1343024,30.30,86.50
2026-09-28 03:28:59,2,1345030,30.30,86.50
2026-09-28 03:29:01,2,1347036,30.30,86.50
2026-09-28 03:29:03,2,1349042,30.30,86.50
2026-09-28 03:29:05,2,1351048,30.30,86.50
2026-09-28 03:29:07,2,1353054,30.30,86.50
2026-09-28 03:29:09,2,1355060,30.30,86.50
2026-09-28 03:29:12,2,1357066,30.30,86.50
2026-09-28 03:29:14,2,1359072,30.30,86.50
2026-09-28 03:29:16,2,1361078,30.30,86.50
2026-09-28 03:29:18,2,1363084,30.30,86.50
2026-09-28 03:29:20,2,1365090,30.30,86.50
2026-09-28 03:29:22,2,1367096,30.30,86.50
2026-09-28 03:29:24,2,1369102,30.30,86.50
2026-09-28 03:29:26,2,1371108,30.30,86.50
2026-09-28 03:29:28,2,1373114,30.30,86.50
2026-09-28 03:29:30,2,1375120,30.30,86.50
2026-09-28 03:29:32,2,1377126,30.30,86.50
2026-09-28 03:29:34,2,1379132,30.30,86.50
2026-09-28 03:29:36,2,1381138,30.30,86.50
2026-09-28 03:29:38,2,1383144,30.30,86.50
2026-09-28 03:29:40,2,1385150,30.30,86.50
2026-09-28 03:29:42,2,1387156,30.30,86.40
2026-09-28 03:29:44,2,1389162,30.30,86.50
2026-09-28 03:29:46,2,1391168,30.30,86.50
2026-09-28 03:29:48,2,1393174,30.30,86.40
2026-09-28 03:29:50,2,1395180,30.30,86.40
2026-09-28 03:29:52,2,1397186,30.30,86.40
2026-09-28 03:29:54,2,1399192,30.30,86.40
2026-09-28 03:29:56,2,1401198,30.30,86.50
2026-09-28 03:29:58,2,1403204,30.30,86.50
2026-09-28 03:30:00,2,1405210,30.30,86.50
2026-09-28 03:30:02,2,1407216,30.30,86.40
2026-09-28 03:30:04,2,1409222,30.30,86.40
2026-09-28 03:30:06,2,1411228,30.30,86.40
2026-09-28 03:30:08,2,1413234,30.30,86.40
2026-09-28 03:30:10,2,1415240,30.30,86.40
2026-09-28 03:30:12,2,1417246,30.30,86.40
2026-09-28 03:30:14,2,1419252,30.30,86.40
2026-09-28 03:30:16,2,1421258,30.30,86.40
2026-09-28 03:30:18,2,1423264,30.30,86.40
2026-09-28 03:30:20,2,1425270,30.30,86.40
2026-09-28 03:30:22,2,1427276,30.30,86.40
2026-09-28 03:30:24,2,1429282,30.30,86.40
2026-09-28 03:30:26,2,1431288,30.30,86.40
2026-09-28 03:30:28,2,1433294,30.30,86.40
2026-09-28 03:30:30,2,1435300,30.30,86.40
2026-09-28 03:30:32,2,1437306,30.30,86.40
2026-09-28 03:30:34,2,1439312,30.30,86.40
2026-09-28 03:30:36,2,1441318,30.30,86.40
2026-09-28 03:30:38,2,1443324,30.30,86.40
2026-09-28 03:30:40,2,1445330,30.30,86.40
2026-09-28 03:30:42,2,1447336,30.30,86.40
2026-09-28 03:30:44,2,1449342,30.30,86.40
2026-09-28 03:30:46,2,1451348,30.30,86.40
2026-09-28 03:30:48,2,1453354,30.30,86.40
2026-09-28 03:30:50,2,1455360,30.30,86.40
2026-09-28 03:30:52,2,1457366,30.30,86.40
2026-09-28 03:30:54,2,1459372,30.30,86.40
2026-09-28 03:30:56,2,1461378,30.30,86.40
2026-09-28 03:30:58,2,1463384,30.30,86.40
2026-09-28 03:31:00,2,1465390,30.30,86.50
2026-09-28 03:31:02,2,1467396,30.30,86.40
2026-09-28 03:31:04,2,1469402,30.30,86.40
2026-09-28 03:31:06,2,1471408,30.30,86.40
2026-09-28 03:31:08,2,1473414,30.30,86.40
2026-09-28 03:31:10,2,1475420,30.30,86.40
2026-09-28 03:31:12,2,1477426,30.30,86.40
2026-09-28 03:31:14,2,1479432,30.30,86.40
2026-09-28 03:31:16,2,1481438,30.30,86.40
2026-09-28 03:31:18,2,1483444,30.30,86.50
2026-09-28 03:31:20,2,1485450,30.30,86.50
2026-09-28 03:31:22,2,1487456,30.30,86.40
2026-09-28 03:31:24,2,1489462,30.30,86.40
2026-09-28 03:31:26,2,1491468,30.30,86.40
2026-09-28 03:31:28,2,1493474,30.30,86.40
2026-09-28 03:31:30,2,1495480,30.30,86.40
2026-09-28 03:31:32,2,1497486,30.30,86.40
2026-09-28 03:31:34,2,1499492,30.30,86.40
2026-09-28 03:31:36,2,1501498,30.30,86.40
2026-09-28 03:31:38,2,1503504,30.30,86.40
2026-09-28 03:31:40,2,1505510,30.40,86.40
2026-09-28 03:31:42,2,1507515,30.30,86.40
2026-09-28 03:31:44,2,1509521,30.30,86.40
2026-09-28 03:31:46,2,1511527,30.30,86.40
2026-09-28 03:31:48,2,1513533,30.30,86.40
2026-09-28 03:31:50,2,1515539,30.40,86.40
2026-09-28 03:31:52,2,1517544,30.30,86.40
2026-09-28 03:31:54,2,1519550,30.30,86.30
2026-09-28 03:31:58,2,1523562,30.30,86.40
2026-09-28 03:32:00,2,1525568,30.30,86.30
2026-09-28 03:32:02,2,1527574,30.30,86.40
2026-09-28 03:32:04,2,1529580,30.30,86.30
2026-09-28 03:32:06,2,1531586,30.30,86.40
2026-09-28 03:32:08,2,1533592,30.30,86.40
2026-09-28 03:32:10,2,1535598,30.40,86.30
2026-09-28 03:32:12,2,1537604,30.30,86.30
2026-09-28 03:32:14,2,1539610,30.40,86.30
2026-09-28 03:32:16,2,1541616,30.40,86.40
2026-09-28 03:32:18,2,1543621,30.30,86.30
2026-09-28 03:32:20,2,1545627,30.30,86.30
2026-09-28 03:32:22,2,1547633,30.30,86.30
2026-09-28 03:32:24,2,1549639,30.30,86.30
2026-09-28 03:32:26,2,1551645,30.30,86.30
2026-09-28 03:32:28,2,1553651,30.40,86.30
2026-09-28 03:32:30,2,1555657,30.40,86.30
2026-09-28 03:32:32,2,1557663,30.30,86.30
2026-09-28 03:32:34,2,1559669,30.30,86.30
2026-09-28 03:32:36,2,1561675,30.40,86.30
2026-09-28 03:32:38,2,1563681,30.30,86.30
2026-09-28 03:32:40,2,1565687,30.40,86.30
2026-09-28 03:32:42,2,1567693,30.30,86.30
2026-09-28 03:32:44,2,1569699,30.30,86.30
2026-09-28 03:32:46,2,1571705,30.30,86.40
2026-09-28 03:32:48,2,1573711,30.40,86.40
2026-09-28 03:32:50,2,1575716,30.30,86.30
2026-09-28 03:32:52,2,1577722,30.30,86.30
2026-09-28 03:32:54,2,1579728,30.30,86.40
2026-09-28 03:32:56,2,1581734,30.30,86.40
2026-09-28 03:32:58,2,1583740,30.30,86.40
2026-09-28 03:33:00,2,1585746,30.30,86.30
2026-09-28 03:33:02,2,1587752,30.30,86.40
2026-09-28 03:33:04,2,1589758,30.30,86.30
2026-09-28 03:33:06,2,1591764,30.30,86.40
2026-09-28 03:33:08,2,1593770,30.30,86.30
2026-09-28 03:33:10,2,1595776,30.30,86.30
2026-09-28 03:33:12,2,1597782,30.30,86.30
2026-09-28 03:33:14,2,1599788,30.30,86.30
2026-09-28 03:33:16,2,1601794,30.30,86.30
2026-09-28 03:33:18,2,1603800,30.30,86.30
2026-09-28 03:33:20,2,1605806,30.30,86.40
2026-09-28 03:33:22,2,1607812,30.30,86.40
2026-09-28 03:33:24,2,1609818,30.30,86.40
2026-09-28 03:33:26,2,1611824,30.30,86.30
2026-09-28 03:33:28,2,1613830,30.30,86.40
2026-09-28 03:33:30,2,1615836,30.30,86.40
2026-09-28 03:33:32,2,1617842,30.30,86.40
2026-09-28 03:33:34,2,1619848,30.30,86.40
2026-09-28 03:33:36,2,1621854,30.30,86.40
2026-09-28 03:33:38,2,1623860,30.30,86.40
2026-09-28 03:33:42,2,1627872,30.30,86.40
2026-09-28 03:33:44,2,1629878,30.30,86.40
2026-09-28 03:33:46,2,1631884,30.30,86.40
2026-09-28 03:33:48,2,1633890,30.30,86.40
2026-09-28 03:33:50,2,1635896,30.30,86.40
2026-09-28 03:33:52,2,1637902,30.30,86.40
2026-09-28 03:33:54,2,1639908,30.30,86.40
2026-09-28 03:33:56,2,1641914,30.30,86.40
2026-09-28 03:33:58,2,1643920,30.30,86.40
2026-09-28 03:34:02,2,1647932,30.30,86.40
2026-09-28 03:34:04,2,1649938,30.30,86.40
2026-09-28 03:34:06,2,1651944,30.30,86.40
2026-09-28 03:34:08,2,1653950,30.30,86.40
2026-09-28 03:34:10,2,1655956,30.30,86.40
2026-09-28 03:34:12,2,1657962,30.30,86.40
2026-09-28 03:34:14,2,1659968,30.30,86.40
2026-09-28 03:34:16,2,1661974,30.30,86.40
2026-09-28 03:34:18,2,1663980,30.30,86.40
2026-09-28 03:34:20,2,1665986,30.30,86.40
2026-09-28 03:34:22,2,1667992,30.30,86.40
2026-09-28 03:34:24,2,1669998,30.30,86.40
2026-09-28 03:34:26,2,1672004,30.30,86.40
2026-09-28 03:34:28,2,1674010,30.30,86.30
2026-09-28 03:34:30,2,1676016,30.30,86.40
2026-09-28 03:34:32,2,1678022,30.30,86.40
2026-09-28 03:34:34,2,1680028,30.30,86.40
2026-09-28 03:34:36,2,1682034,30.30,86.40
2026-09-28 03:34:38,2,1684040,30.30,86.40
2026-09-28 03:34:40,2,1686046,30.30,86.40
2026-09-28 03:34:42,2,1688052,30.30,86.40
2026-09-28 03:34:44,2,1690058,30.30,86.40
2026-09-28 03:34:46,2,1692064,30.30,86.40
2026-09-28 03:34:49,2,1694070,30.30,86.40
2026-09-28 03:34:51,2,1696076,30.30,86.40
2026-09-28 03:34:53,2,1698082,30.30,86.40
2026-09-28 03:34:55,2,1700088,30.30,86.40
2026-09-28 03:34:57,2,1702094,30.30,86.50
2026-09-28 03:34:59,2,1704100,30.30,86.40
2026-09-28 03:35:03,2,1708112,30.30,86.50
2026-09-28 03:35:05,2,1710118,30.30,86.50
2026-09-28 03:35:07,2,1712124,30.30,86.50
2026-09-28 03:35:09,2,1714130,30.30,86.50
2026-09-28 03:35:11,2,1716136,30.30,86.50
2026-09-28 03:35:13,2,1718142,30.30,86.50
2026-09-28 03:35:15,2,1720148,30.30,86.50
2026-09-28 03:35:17,2,1722154,30.30,86.50
2026-09-28 03:35:19,2,1724160,30.30,86.50
2026-09-28 03:35:21,2,1726166,30.30,86.40
2026-09-28 03:35:23,2,1728172,30.30,86.50
2026-09-28 03:35:25,2,1730178,30.30,86.40
2026-09-28 03:35:27,2,1732184,30.30,86.50
2026-09-28 03:35:29,2,1734190,30.30,86.40
2026-09-28 03:35:31,2,1736196,30.30,86.50
2026-09-28 03:35:33,2,1738202,30.30,86.50
2026-09-28 03:35:35,2,1740208,30.30,86.40
2026-09-28 03:35:37,2,1742214,30.30,86.40
2026-09-28 03:35:39,2,1744220,30.30,86.40
2026-09-28 03:35:41,2,1746226,30.30,86.40
2026-09-28 03:35:43,2,1748232,30.30,86.40
2026-09-28 03:35:45,2,1750238,30.30,86.40
2026-09-28 03:35:47,2,1752244,30.30,86.40
2026-09-28 03:35:49,2,1754250,30.30,86.40
2026-09-28 03:35:51,2,1756256,30.30,86.50
2026-09-28 03:35:53,2,1758262,30.30,86.40
2026-09-28 03:35:55,2,1760268,30.30,86.40
2026-09-28 03:35:57,2,1762274,30.30,86.40
2026-09-28 03:35:59,2,1764280,30.30,86.40
2026-09-28 03:36:01,2,1766286,30.30,86.40
2026-09-28 03:36:03,2,1768292,30.30,86.40
2026-09-28 03:36:05,2,1770298,30.30,86.40
2026-09-28 03:36:07,2,1772304,30.30,86.40
2026-09-28 03:36:09,2,1774310,30.30,86.50
2026-09-28 03:36:11,2,1776316,30.30,86.40
2026-09-28 03:36:13,2,1778322,30.30,86.40
2026-09-28 03:36:15,2,1780328,30.30,86.40
2026-09-28 03:36:17,2,1782334,30.30,86.50
2026-09-28 03:36:19,2,1784340,30.30,86.40
2026-09-28 03:36:21,2,1786346,30.30,86.40
2026-09-28 03:36:23,2,1788352,30.30,86.50
2026-09-28 03:36:25,2,1790358,30.30,86.40
2026-09-28 03:36:27,2,1792364,30.30,86.40
2026-09-28 03:36:29,2,1794370,30.30,86.40
2026-09-28 03:36:31,2,1796376,30.30,86.40
2026-09-28 03:36:33,2,1798382,30.30,86.40
2026-09-28 03:36:35,2,1800388,30.30,86.40
2026-09-28 03:36:37,2,1802394,30.30,86.40
