timestamp,session,esp32_uptime_ms,mq2_raw_adc,mq2_ao_voltage,mq9_raw_adc,mq9_ao_voltage,mq135_raw_adc,mq135_ao_voltage
2026-09-29 11:00:55,2,3011,60,0.387,91,0.587,155,1.000
2026-09-29 11:00:57,2,5011,50,0.323,100,0.645,155,1.000
2026-09-29 11:00:59,2,7011,52,0.335,96,0.619,152,0.981
2026-09-29 11:01:01,2,9011,60,0.387,97,0.626,152,0.981
2026-09-29 11:01:03,2,11011,55,0.355,100,0.645,153,0.987
2026-09-29 11:01:05,2,13011,52,0.335,84,0.542,148,0.955
2026-09-29 11:01:07,2,15011,47,0.303,87,0.561,154,0.994
2026-09-29 11:01:09,2,17011,51,0.329,89,0.574,154,0.994
2026-09-29 11:01:11,2,19011,44,0.284,98,0.632,156,1.006
2026-09-29 11:01:13,2,21011,52,0.335,100,0.645,157,1.013
2026-09-29 11:01:15,2,23011,39,0.252,114,0.735,161,1.039
2026-09-29 11:01:17,2,25011,51,0.329,105,0.677,157,1.013
2026-09-29 11:01:19,2,27011,57,0.368,114,0.735,156,1.006
2026-09-29 11:01:21,2,29011,55,0.355,80,0.516,161,1.039
2026-09-29 11:01:23,2,31011,53,0.342,95,0.613,158,1.019
2026-09-29 11:01:25,2,33011,51,0.329,84,0.542,160,1.032
2026-09-29 11:01:27,2,35011,55,0.355,101,0.652,161,1.039
2026-09-29 11:01:29,2,37011,55,0.355,88,0.568,162,1.045
2026-09-29 11:01:31,2,39011,52,0.335,95,0.613,162,1.045
2026-09-29 11:01:33,2,41011,44,0.284,95,0.613,165,1.065
2026-09-29 11:01:35,2,43011,50,0.323,95,0.613,164,1.058
2026-09-29 11:01:37,2,45011,59,0.381,102,0.658,161,1.039
2026-09-29 11:01:39,2,47011,52,0.335,93,0.600,160,1.032
2026-09-29 11:01:41,2,49011,44,0.284,89,0.574,160,1.032
2026-09-29 11:01:43,2,51011,52,0.335,92,0.594,163,1.052
2026-09-29 11:01:45,2,53011,52,0.335,89,0.574,160,1.032
2026-09-29 11:01:47,2,55011,48,0.310,102,0.658,160,1.032
2026-09-29 11:01:49,2,57011,54,0.348,93,0.600,159,1.026
2026-09-29 11:01:51,2,59011,57,0.368,91,0.587,163,1.052
2026-09-29 11:01:53,2,61011,51,0.329,96,0.619,161,1.039
2026-09-29 11:01:55,2,63011,69,0.445,99,0.639,164,1.058
2026-09-29 11:01:57,2,65011,55,0.355,92,0.594,167,1.077
2026-09-29 11:01:59,2,67011,57,0.368,93,0.600,163,1.052
2026-09-29 11:02:01,2,69011,60,0.387,92,0.594,161,1.039
2026-09-29 11:02:03,2,71011,52,0.335,90,0.581,165,1.065
2026-09-29 11:02:05,2,73011,60,0.387,104,0.671,168,1.084
2026-09-29 11:02:07,2,75011,63,0.406,96,0.619,163,1.052
2026-09-29 11:02:09,2,77011,49,0.316,100,0.645,164,1.058
2026-09-29 11:02:11,2,79011,56,0.361,92,0.594,164,1.058
2026-09-29 11:02:13,2,81011,49,0.316,104,0.671,161,1.039
2026-09-29 11:02:15,2,83011,51,0.329,97,0.626,159,1.026
2026-09-29 11:02:17,2,85011,46,0.297,94,0.606,169,1.090
2026-09-29 11:02:19,2,87011,63,0.406,89,0.574,157,1.013
2026-09-29 11:02:21,2,89011,60,0.387,103,0.665,163,1.052
2026-09-29 11:02:23,2,91011,52,0.335,96,0.619,164,1.058
2026-09-29 11:02:25,2,93011,57,0.368,101,0.652,164,1.058
2026-09-29 11:02:27,2,95011,52,0.335,100,0.645,163,1.052
2026-09-29 11:02:29,2,97011,51,0.329,99,0.639,158,1.019
2026-09-29 11:02:31,2,99011,52,0.335,93,0.600,165,1.065
2026-09-29 11:02:33,2,101011,56,0.361,95,0.613,164,1.058
2026-09-29 11:02:35,2,103011,57,0.368,103,0.665,165,1.065
2026-09-29 11:02:37,2,105011,60,0.387,100,0.645,164,1.058
2026-09-29 11:02:39,2,107011,49,0.316,87,0.561,166,1.071
2026-09-29 11:02:41,2,109011,48,0.310,92,0.594,164,1.058
2026-09-29 11:02:43,2,111011,37,0.239,82,0.529,160,1.032
2026-09-29 11:02:45,2,113011,55,0.355,103,0.665,160,1.032
2026-09-29 11:02:47,2,115011,55,0.355,94,0.606,160,1.032
2026-09-29 11:02:49,2,117011,59,0.381,89,0.574,165,1.065
2026-09-29 11:02:51,2,119011,59,0.381,101,0.652,161,1.039
2026-09-29 11:02:53,2,121011,60,0.387,102,0.658,164,1.058
2026-09-29 11:02:55,2,123011,62,0.400,97,0.626,159,1.026
2026-09-29 11:02:57,2,125011,52,0.335,105,0.677,158,1.019
2026-09-29 11:02:59,2,127011,54,0.348,95,0.613,160,1.032
2026-09-29 11:03:01,2,129011,64,0.413,94,0.606,157,1.013
2026-09-29 11:03:03,2,131011,55,0.355,97,0.626,168,1.084
2026-09-29 11:03:05,2,133011,55,0.355,93,0.600,159,1.026
2026-09-29 11:03:07,2,135011,53,0.342,95,0.613,164,1.058
2026-09-29 11:03:09,2,137011,57,0.368,110,0.710,160,1.032
2026-09-29 11:03:11,2,139011,59,0.381,108,0.697,164,1.058
2026-09-29 11:03:13,2,141011,51,0.329,103,0.665,168,1.084
2026-09-29 11:03:15,2,143011,66,0.426,87,0.561,170,1.097
2026-09-29 11:03:17,2,145011,49,0.316,105,0.677,163,1.052
2026-09-29 11:03:19,2,147011,62,0.400,120,0.774,171,1.103
2026-09-29 11:03:21,2,149011,71,0.458,88,0.568,184,1.187
2026-09-29 11:03:23,2,151011,86,0.555,61,0.394,172,1.110
2026-09-29 11:03:25,2,153011,76,0.490,94,0.606,168,1.084
2026-09-29 11:03:27,2,155011,54,0.348,105,0.677,158,1.019
2026-09-29 11:03:29,2,157011,60,0.387,105,0.677,174,1.123
2026-09-29 11:03:31,2,159011,56,0.361,113,0.729,174,1.123
2026-09-29 11:03:33,2,161011,66,0.426,103,0.665,165,1.065
2026-09-29 11:03:35,2,163011,62,0.400,114,0.735,167,1.077
2026-09-29 11:03:37,2,165011,57,0.368,113,0.729,172,1.110
2026-09-29 11:03:39,2,167011,77,0.497,102,0.658,176,1.135
2026-09-29 11:03:41,2,169011,74,0.477,107,0.690,177,1.142
2026-09-29 11:03:43,2,171011,71,0.458,113,0.729,172,1.110
2026-09-29 11:03:45,2,173011,67,0.432,106,0.684,170,1.097
2026-09-29 11:03:47,2,175011,70,0.452,107,0.690,168,1.084
2026-09-29 11:03:49,2,177011,62,0.400,111,0.716,173,1.116
2026-09-29 11:03:51,2,179011,72,0.465,108,0.697,172,1.110
2026-09-29 11:03:53,2,181011,67,0.432,117,0.755,172,1.110
2026-09-29 11:03:55,2,183011,68,0.439,108,0.697,167,1.077
2026-09-29 11:03:57,2,185011,71,0.458,108,0.697,176,1.135
2026-09-29 11:03:59,2,187011,72,0.465,120,0.774,172,1.110
2026-09-29 11:04:01,2,189011,72,0.465,124,0.800,170,1.097
2026-09-29 11:04:03,2,191011,68,0.439,107,0.690,171,1.103
2026-09-29 11:04:05,2,193011,70,0.452,115,0.742,176,1.135
2026-09-29 11:04:07,2,195011,65,0.419,116,0.748,184,1.187
2026-09-29 11:04:09,2,197011,67,0.432,97,0.626,169,1.090
2026-09-29 11:04:11,2,199011,74,0.477,80,0.516,171,1.103
2026-09-29 11:04:13,2,201011,64,0.413,103,0.665,173,1.116
2026-09-29 11:04:15,2,203011,76,0.490,114,0.735,172,1.110
2026-09-29 11:04:17,2,205011,66,0.426,120,0.774,164,1.058
2026-09-29 11:04:19,2,207011,71,0.458,112,0.723,174,1.123
2026-09-29 11:04:21,2,209011,72,0.465,115,0.742,176,1.135
2026-09-29 11:04:23,2,211011,76,0.490,115,0.742,175,1.129
2026-09-29 11:04:25,2,213011,65,0.419,100,0.645,172,1.110
2026-09-29 11:04:27,2,215011,67,0.432,116,0.748,179,1.155
2026-09-29 11:04:29,2,217011,64,0.413,123,0.794,175,1.129
2026-09-29 11:04:31,2,219011,74,0.477,111,0.716,174,1.123
2026-09-29 11:04:33,2,221011,72,0.465,114,0.735,180,1.161
2026-09-29 11:04:35,2,223011,64,0.413,119,0.768,178,1.148
2026-09-29 11:04:37,2,225011,68,0.439,105,0.677,175,1.129
2026-09-29 11:04:39,2,227011,75,0.484,106,0.684,168,1.084
2026-09-29 11:04:41,2,229011,88,0.568,142,0.916,175,1.129
2026-09-29 11:04:43,2,231011,80,0.516,92,0.594,179,1.155
2026-09-29 11:04:45,2,233011,78,0.503,109,0.703,172,1.110
2026-09-29 11:04:47,2,235011,49,0.316,100,0.645,182,1.174
2026-09-29 11:04:49,2,237011,73,0.471,134,0.865,175,1.129
2026-09-29 11:04:51,2,239011,72,0.465,116,0.748,171,1.103
2026-09-29 11:04:53,2,241011,69,0.445,100,0.645,180,1.161
2026-09-29 11:04:55,2,243011,72,0.465,109,0.703,176,1.135
2026-09-29 11:04:57,2,245011,68,0.439,108,0.697,173,1.116
2026-09-29 11:04:59,2,247011,72,0.465,102,0.658,175,1.129
2026-09-29 11:05:01,2,249011,73,0.471,100,0.645,170,1.097
2026-09-29 11:05:03,2,251011,71,0.458,109,0.703,175,1.129
2026-09-29 11:05:05,2,253011,77,0.497,127,0.819,182,1.174
2026-09-29 11:05:07,2,255011,85,0.548,124,0.800,183,1.181
2026-09-29 11:05:09,2,257011,84,0.542,123,0.794,186,1.200
2026-09-29 11:05:11,2,259011,71,0.458,120,0.774,187,1.206
2026-09-29 11:05:13,2,261011,76,0.490,111,0.716,186,1.200
2026-09-29 11:05:15,2,263011,88,0.568,143,0.923,187,1.206
2026-09-29 11:05:17,2,265011,68,0.439,113,0.729,180,1.161
2026-09-29 11:05:19,2,267011,73,0.471,109,0.703,182,1.174
2026-09-29 11:05:21,2,269011,92,0.594,124,0.800,195,1.258
2026-09-29 11:05:23,2,271011,83,0.535,131,0.845,196,1.265
2026-09-29 11:05:25,2,273011,98,0.632,133,0.858,193,1.245
2026-09-29 11:05:27,2,275011,87,0.561,127,0.819,195,1.258
2026-09-29 11:05:29,2,277011,85,0.548,122,0.787,199,1.284
2026-09-29 11:05:31,2,279011,84,0.542,127,0.819,197,1.271
2026-09-29 11:05:33,2,281011,86,0.555,135,0.871,196,1.265
2026-09-29 11:05:35,2,283011,91,0.587,123,0.794,192,1.239
2026-09-29 11:05:37,2,285011,82,0.529,131,0.845,193,1.245
2026-09-29 11:05:39,2,287011,84,0.542,132,0.852,190,1.226
2026-09-29 11:05:41,2,289011,80,0.516,123,0.794,208,1.342
2026-09-29 11:05:43,2,291011,81,0.523,132,0.852,195,1.258
2026-09-29 11:05:45,2,293011,84,0.542,140,0.903,196,1.265
2026-09-29 11:05:47,2,295011,93,0.600,127,0.819,192,1.239
2026-09-29 11:05:49,2,297011,83,0.535,122,0.787,195,1.258
2026-09-29 11:05:51,2,299011,86,0.555,121,0.781,195,1.258
2026-09-29 11:05:53,2,301011,83,0.535,124,0.800,197,1.271
2026-09-29 11:05:55,2,303011,77,0.497,130,0.839,195,1.258
2026-09-29 11:05:57,2,305011,86,0.555,127,0.819,195,1.258
2026-09-29 11:05:59,2,307011,92,0.594,139,0.897,196,1.265
2026-09-29 11:06:01,2,309011,90,0.581,127,0.819,200,1.290
2026-09-29 11:06:03,2,311011,88,0.568,132,0.852,202,1.303
2026-09-29 11:06:05,2,313011,84,0.542,126,0.813,198,1.277
2026-09-29 11:06:07,2,315011,87,0.561,132,0.852,195,1.258
2026-09-29 11:06:09,2,317011,83,0.535,123,0.794,200,1.290
2026-09-29 11:06:11,2,319011,82,0.529,127,0.819,196,1.265
2026-09-29 11:06:13,2,321011,85,0.548,144,0.929,196,1.265
2026-09-29 11:06:15,2,323011,80,0.516,132,0.852,198,1.277
2026-09-29 11:06:17,2,325011,81,0.523,148,0.955,195,1.258
2026-09-29 11:06:19,2,327011,89,0.574,130,0.839,199,1.284
2026-09-29 11:06:21,2,329011,89,0.574,137,0.884,204,1.316
2026-09-29 11:06:23,2,331011,86,0.555,132,0.852,201,1.297
2026-09-29 11:06:25,2,333011,89,0.574,125,0.806,200,1.290
2026-09-29 11:06:27,2,335011,86,0.555,136,0.877,201,1.297
2026-09-29 11:06:29,2,337011,87,0.561,131,0.845,204,1.316
2026-09-29 11:06:31,2,339011,88,0.568,126,0.813,198,1.277
2026-09-29 11:06:33,2,341011,91,0.587,121,0.781,195,1.258
2026-09-29 11:06:35,2,343011,80,0.516,132,0.852,203,1.310
2026-09-29 11:06:37,2,345011,92,0.594,131,0.845,196,1.265
2026-09-29 11:06:39,2,347011,93,0.600,125,0.806,199,1.284
2026-09-29 11:06:41,2,349011,85,0.548,131,0.845,199,1.284
2026-09-29 11:06:43,2,351011,87,0.561,140,0.903,195,1.258
2026-09-29 11:06:45,2,353011,89,0.574,140,0.903,203,1.310
2026-09-29 11:06:47,2,355011,101,0.652,136,0.877,201,1.297
2026-09-29 11:06:49,2,357011,87,0.561,127,0.819,198,1.277
2026-09-29 11:06:51,2,359011,80,0.516,135,0.871,198,1.277
2026-09-29 11:06:53,2,361011,87,0.561,125,0.806,197,1.271
2026-09-29 11:06:55,2,363011,91,0.587,133,0.858,203,1.310
2026-09-29 11:06:57,2,365011,87,0.561,136,0.877,198,1.277
2026-09-29 11:06:59,2,367011,80,0.516,136,0.877,197,1.271
2026-09-29 11:07:01,2,369011,81,0.523,120,0.774,197,1.271
2026-09-29 11:07:03,2,371011,84,0.542,131,0.845,200,1.290
2026-09-29 11:07:05,2,373011,80,0.516,126,0.813,202,1.303
2026-09-29 11:07:07,2,375011,86,0.555,126,0.813,197,1.271
2026-09-29 11:07:09,2,377011,84,0.542,125,0.806,201,1.297
2026-09-29 11:07:11,2,379011,83,0.535,133,0.858,199,1.284
2026-09-29 11:07:13,2,381011,75,0.484,121,0.781,204,1.316
2026-09-29 11:07:15,2,383011,85,0.548,124,0.800,201,1.297
2026-09-29 11:07:17,2,385011,77,0.497,125,0.806,201,1.297
2026-09-29 11:07:19,2,387011,88,0.568,124,0.800,194,1.252
2026-09-29 11:07:21,2,389011,93,0.600,125,0.806,196,1.265
2026-09-29 11:07:23,2,391011,87,0.561,123,0.794,200,1.290
2026-09-29 11:07:25,2,393011,89,0.574,119,0.768,198,1.277
2026-09-29 11:07:27,2,395011,93,0.600,133,0.858,200,1.290
2026-09-29 11:07:29,2,397011,84,0.542,122,0.787,191,1.232
2026-09-29 11:07:31,2,399011,83,0.535,127,0.819,203,1.310
2026-09-29 11:07:33,2,401011,89,0.574,126,0.813,206,1.329
2026-09-29 11:07:35,2,403011,84,0.542,124,0.800,202,1.303
2026-09-29 11:07:37,2,405011,84,0.542,117,0.755,202,1.303
2026-09-29 11:07:39,2,407011,89,0.574,124,0.800,203,1.310
2026-09-29 11:07:41,2,409011,92,0.594,127,0.819,212,1.368
2026-09-29 11:07:43,2,411011,80,0.516,132,0.852,196,1.265
2026-09-29 11:07:45,2,413011,81,0.523,132,0.852,195,1.258
2026-09-29 11:07:47,2,415011,89,0.574,131,0.845,198,1.277
2026-09-29 11:07:49,2,417011,82,0.529,108,0.697,197,1.271
2026-09-29 11:07:51,2,419011,83,0.535,140,0.903,204,1.316
2026-09-29 11:07:53,2,421011,89,0.574,132,0.852,203,1.310
2026-09-29 11:07:55,2,423011,85,0.548,117,0.755,197,1.271
2026-09-29 11:07:57,2,425011,83,0.535,143,0.923,201,1.297
2026-09-29 11:07:59,2,427011,87,0.561,140,0.903,192,1.239
2026-09-29 11:08:01,2,429011,79,0.510,118,0.761,195,1.258
2026-09-29 11:08:03,2,431011,78,0.503,118,0.761,204,1.316
2026-09-29 11:08:05,2,433011,83,0.535,126,0.813,200,1.290
2026-09-29 11:08:07,2,435011,81,0.523,124,0.800,198,1.277
2026-09-29 11:08:09,2,437011,84,0.542,127,0.819,197,1.271
2026-09-29 11:08:11,2,439011,78,0.503,126,0.813,208,1.342
2026-09-29 11:08:13,2,441011,92,0.594,144,0.929,197,1.271
2026-09-29 11:08:15,2,443011,84,0.542,136,0.877,204,1.316
2026-09-29 11:08:17,2,445011,85,0.548,127,0.819,201,1.297
2026-09-29 11:08:19,2,447011,84,0.542,132,0.852,200,1.290
2026-09-29 11:08:21,2,449011,85,0.548,139,0.897,208,1.342
2026-09-29 11:08:23,2,451011,99,0.639,116,0.748,198,1.277
2026-09-29 11:08:25,2,453011,85,0.548,136,0.877,202,1.303
2026-09-29 11:08:27,2,455011,89,0.574,131,0.845,203,1.310
2026-09-29 11:08:29,2,457011,83,0.535,131,0.845,207,1.335
2026-09-29 11:08:31,2,459011,91,0.587,127,0.819,204,1.316
2026-09-29 11:08:33,2,461011,79,0.510,132,0.852,198,1.277
2026-09-29 11:08:35,2,463011,92,0.594,112,0.723,197,1.271
2026-09-29 11:08:37,2,465011,84,0.542,127,0.819,203,1.310
2026-09-29 11:08:39,2,467011,82,0.529,136,0.877,203,1.310
2026-09-29 11:08:41,2,469011,88,0.568,135,0.871,204,1.316
2026-09-29 11:08:43,2,471011,86,0.555,140,0.903,205,1.323
2026-09-29 11:08:45,2,473011,71,0.458,105,0.677,213,1.374
2026-09-29 11:08:47,2,475011,69,0.445,127,0.819,204,1.316
2026-09-29 11:08:49,2,477011,92,0.594,124,0.800,199,1.284
2026-09-29 11:08:51,2,479011,88,0.568,132,0.852,200,1.290
2026-09-29 11:08:53,2,481011,92,0.594,132,0.852,200,1.290
2026-09-29 11:08:55,2,483011,104,0.671,143,0.923,209,1.348
2026-09-29 11:08:57,2,485011,93,0.600,150,0.968,211,1.361
2026-09-29 11:08:59,2,487011,95,0.613,138,0.890,207,1.335
2026-09-29 11:09:01,2,489011,96,0.619,125,0.806,207,1.335
2026-09-29 11:09:03,2,491011,97,0.626,142,0.916,216,1.394
2026-09-29 11:09:05,2,493011,121,0.781,160,1.032,232,1.497
2026-09-29 11:09:07,2,495011,99,0.639,140,0.903,212,1.368
2026-09-29 11:09:09,2,497011,104,0.671,127,0.819,232,1.497
2026-09-29 11:09:11,2,499011,92,0.594,148,0.955,218,1.406
2026-09-29 11:09:13,2,501011,101,0.652,145,0.935,217,1.400
2026-09-29 11:09:15,2,503011,101,0.652,147,0.948,212,1.368
2026-09-29 11:09:17,2,505011,104,0.671,148,0.955,212,1.368
2026-09-29 11:09:19,2,507011,104,0.671,142,0.916,216,1.394
2026-09-29 11:09:21,2,509011,90,0.581,139,0.897,218,1.406
2026-09-29 11:09:23,2,511011,92,0.594,140,0.903,217,1.400
2026-09-29 11:09:25,2,513011,103,0.665,124,0.800,224,1.445
2026-09-29 11:09:27,2,515011,93,0.600,145,0.935,217,1.400
2026-09-29 11:09:29,2,517011,92,0.594,141,0.910,217,1.400
2026-09-29 11:09:31,2,519011,94,0.606,141,0.910,219,1.413
2026-09-29 11:09:33,2,521011,94,0.606,140,0.903,219,1.413
2026-09-29 11:09:35,2,523011,99,0.639,147,0.948,216,1.394
2026-09-29 11:09:37,2,525011,96,0.619,152,0.981,213,1.374
2026-09-29 11:09:39,2,527011,90,0.581,148,0.955,216,1.394
2026-09-29 11:09:41,2,529011,98,0.632,140,0.903,220,1.419
2026-09-29 11:09:43,2,531011,93,0.600,165,1.065,210,1.355
2026-09-29 11:09:45,2,533011,100,0.645,143,0.923,216,1.394
2026-09-29 11:09:47,2,535011,91,0.587,146,0.942,222,1.432
2026-09-29 11:09:49,2,537011,89,0.574,139,0.897,219,1.413
2026-09-29 11:09:51,2,539011,93,0.600,148,0.955,219,1.413
2026-09-29 11:09:53,2,541011,96,0.619,155,1.000,216,1.394
2026-09-29 11:09:55,2,543011,101,0.652,144,0.929,219,1.413
2026-09-29 11:09:57,2,545011,86,0.555,150,0.968,221,1.426
2026-09-29 11:09:59,2,547011,92,0.594,151,0.974,227,1.465
2026-09-29 11:10:01,2,549011,99,0.639,135,0.871,220,1.419
2026-09-29 11:10:03,2,551011,98,0.632,147,0.948,215,1.387
2026-09-29 11:10:05,2,553011,96,0.619,143,0.923,217,1.400
2026-09-29 11:10:07,2,555011,93,0.600,147,0.948,216,1.394
2026-09-29 11:10:09,2,557011,96,0.619,144,0.929,224,1.445
2026-09-29 11:10:11,2,559011,96,0.619,148,0.955,211,1.361
2026-09-29 11:10:13,2,561011,98,0.632,180,1.161,225,1.452
2026-09-29 11:10:15,2,563011,100,0.645,152,0.981,216,1.394
2026-09-29 11:10:17,2,565011,97,0.626,144,0.929,219,1.413
2026-09-29 11:10:19,2,567011,96,0.619,127,0.819,219,1.413
2026-09-29 11:10:21,2,569011,95,0.613,148,0.955,218,1.406
2026-09-29 11:10:23,2,571011,95,0.613,144,0.929,221,1.426
2026-09-29 11:10:25,2,573011,96,0.619,140,0.903,217,1.400
2026-09-29 11:10:27,2,575011,89,0.574,143,0.923,220,1.419
2026-09-29 11:10:29,2,577011,92,0.594,139,0.897,219,1.413
2026-09-29 11:10:31,2,579011,98,0.632,148,0.955,220,1.419
2026-09-29 11:10:33,2,581011,101,0.652,145,0.935,220,1.419
2026-09-29 11:10:35,2,583011,97,0.626,132,0.852,224,1.445
2026-09-29 11:10:37,2,585011,93,0.600,150,0.968,219,1.413
2026-09-29 11:10:39,2,587011,94,0.606,148,0.955,220,1.419
2026-09-29 11:10:41,2,589011,92,0.594,141,0.910,217,1.400
2026-09-29 11:10:43,2,591011,97,0.626,148,0.955,223,1.439
2026-09-29 11:10:45,2,593011,99,0.639,145,0.935,227,1.465
2026-09-29 11:10:47,2,595011,95,0.613,147,0.948,219,1.413
2026-09-29 11:10:49,2,597011,95,0.613,147,0.948,219,1.413
2026-09-29 11:10:51,2,599011,106,0.684,137,0.884,224,1.445
2026-09-29 11:10:53,2,601011,100,0.645,145,0.935,220,1.419
2026-09-29 11:10:55,2,603011,98,0.632,148,0.955,221,1.426
2026-09-29 11:10:57,2,605011,96,0.619,147,0.948,223,1.439
2026-09-29 11:10:59,2,607011,96,0.619,137,0.884,230,1.484
2026-09-29 11:11:01,2,609011,104,0.671,122,0.787,220,1.419
2026-09-29 11:11:03,2,611011,100,0.645,147,0.948,220,1.419
2026-09-29 11:11:05,2,613011,95,0.613,151,0.974,222,1.432
2026-09-29 11:11:07,2,615011,103,0.665,147,0.948,219,1.413
2026-09-29 11:11:09,2,617011,99,0.639,148,0.955,216,1.394
2026-09-29 11:11:11,2,619011,96,0.619,145,0.935,218,1.406
2026-09-29 11:11:13,2,621011,101,0.652,156,1.006,224,1.445
2026-09-29 11:11:15,2,623011,105,0.677,155,1.000,223,1.439
2026-09-29 11:11:17,2,625011,109,0.703,146,0.942,224,1.445
2026-09-29 11:11:19,2,627011,97,0.626,154,0.994,223,1.439
2026-09-29 11:11:21,2,629011,89,0.574,135,0.871,210,1.355
2026-09-29 11:11:23,2,631011,95,0.613,152,0.981,229,1.477
2026-09-29 11:11:25,2,633011,100,0.645,154,0.994,223,1.439
2026-09-29 11:11:27,2,635011,106,0.684,150,0.968,228,1.471
2026-09-29 11:11:29,2,637011,100,0.645,157,1.013,227,1.465
2026-09-29 11:11:31,2,639011,108,0.697,144,0.929,231,1.490
2026-09-29 11:11:33,2,641011,107,0.690,147,0.948,226,1.458
2026-09-29 11:11:35,2,643011,98,0.632,153,0.987,223,1.439
2026-09-29 11:11:37,2,645011,100,0.645,148,0.955,220,1.419
2026-09-29 11:11:39,2,647011,101,0.652,162,1.045,236,1.523
2026-09-29 11:11:41,2,649011,82,0.529,160,1.032,221,1.426
2026-09-29 11:11:43,2,651011,96,0.619,146,0.942,228,1.471
2026-09-29 11:11:45,2,653011,100,0.645,146,0.942,225,1.452
2026-09-29 11:11:47,2,655011,110,0.710,142,0.916,225,1.452
2026-09-29 11:11:49,2,657011,106,0.684,162,1.045,226,1.458
2026-09-29 11:11:51,2,659011,95,0.613,151,0.974,225,1.452
2026-09-29 11:11:53,2,661011,102,0.658,147,0.948,221,1.426
2026-09-29 11:11:55,2,663011,97,0.626,149,0.961,230,1.484
2026-09-29 11:11:57,2,665011,95,0.613,153,0.987,224,1.445
2026-09-29 11:11:59,2,667011,101,0.652,154,0.994,225,1.452
2026-09-29 11:12:01,2,669011,100,0.645,148,0.955,224,1.445
2026-09-29 11:12:03,2,671011,97,0.626,151,0.974,229,1.477
2026-09-29 11:12:05,2,673011,94,0.606,147,0.948,228,1.471
2026-09-29 11:12:07,2,675011,94,0.606,146,0.942,224,1.445
2026-09-29 11:12:09,2,677011,100,0.645,147,0.948,227,1.465
2026-09-29 11:12:11,2,679011,96,0.619,148,0.955,229,1.477
2026-09-29 11:12:13,2,681011,88,0.568,145,0.935,225,1.452
2026-09-29 11:12:15,2,683011,104,0.671,147,0.948,221,1.426
2026-09-29 11:12:17,2,685011,91,0.587,140,0.903,232,1.497
2026-09-29 11:12:19,2,687011,104,0.671,147,0.948,232,1.497
2026-09-29 11:12:21,2,689011,100,0.645,147,0.948,226,1.458
2026-09-29 11:12:23,2,691011,102,0.658,149,0.961,225,1.452
2026-09-29 11:12:25,2,693011,102,0.658,148,0.955,230,1.484
2026-09-29 11:12:27,2,695011,89,0.574,155,1.000,227,1.465
2026-09-29 11:12:29,2,697011,92,0.594,143,0.923,225,1.452
2026-09-29 11:12:31,2,699011,104,0.671,148,0.955,227,1.465
2026-09-29 11:12:33,2,701011,92,0.594,133,0.858,227,1.465
2026-09-29 11:12:35,2,703011,98,0.632,139,0.897,225,1.452
2026-09-29 11:12:37,2,705011,100,0.645,148,0.955,227,1.465
2026-09-29 11:12:39,2,707011,82,0.529,132,0.852,221,1.426
2026-09-29 11:12:41,2,709011,96,0.619,151,0.974,226,1.458
2026-09-29 11:12:43,2,711011,103,0.665,155,1.000,224,1.445
2026-09-29 11:12:45,2,713011,102,0.658,147,0.948,229,1.477
2026-09-29 11:12:47,2,715011,98,0.632,156,1.006,222,1.432
2026-09-29 11:12:49,2,717011,100,0.645,151,0.974,227,1.465
2026-09-29 11:12:51,2,719011,110,0.710,152,0.981,228,1.471
2026-09-29 11:12:53,2,721011,85,0.548,131,0.845,236,1.523
2026-09-29 11:12:55,2,723011,99,0.639,144,0.929,212,1.368
2026-09-29 11:12:57,2,725011,97,0.626,151,0.974,229,1.477
2026-09-29 11:12:59,2,727011,100,0.645,145,0.935,225,1.452
2026-09-29 11:13:01,2,729011,102,0.658,137,0.884,229,1.477
2026-09-29 11:13:03,2,731011,102,0.658,149,0.961,227,1.465
2026-09-29 11:13:05,2,733011,100,0.645,145,0.935,224,1.445
2026-09-29 11:13:07,2,735011,83,0.535,140,0.903,228,1.471
2026-09-29 11:13:09,2,737011,101,0.652,151,0.974,228,1.471
2026-09-29 11:13:11,2,739011,105,0.677,146,0.942,228,1.471
2026-09-29 11:13:13,2,741011,107,0.690,150,0.968,224,1.445
2026-09-29 11:13:15,2,743011,107,0.690,161,1.039,231,1.490
2026-09-29 11:13:17,2,745011,100,0.645,151,0.974,228,1.471
2026-09-29 11:13:19,2,747011,101,0.652,149,0.961,228,1.471
2026-09-29 11:13:21,2,749011,95,0.613,148,0.955,231,1.490
2026-09-29 11:13:23,2,751011,93,0.600,157,1.013,232,1.497
2026-09-29 11:13:25,2,753011,101,0.652,137,0.884,226,1.458
2026-09-29 11:13:27,2,755011,94,0.606,143,0.923,228,1.471
2026-09-29 11:13:29,2,757011,95,0.613,151,0.974,228,1.471
2026-09-29 11:13:31,2,759011,101,0.652,152,0.981,229,1.477
2026-09-29 11:13:33,2,761011,105,0.677,156,1.006,234,1.510
2026-09-29 11:13:35,2,763011,111,0.716,158,1.019,233,1.503
2026-09-29 11:13:37,2,765011,102,0.658,161,1.039,236,1.523
2026-09-29 11:13:39,2,767011,103,0.665,166,1.071,231,1.490
2026-09-29 11:13:41,2,769011,104,0.671,164,1.058,235,1.516
2026-09-29 11:13:43,2,771011,106,0.684,165,1.065,236,1.523
2026-09-29 11:13:45,2,773011,108,0.697,149,0.961,236,1.523
2026-09-29 11:13:47,2,775011,107,0.690,144,0.929,236,1.523
2026-09-29 11:13:49,2,777011,100,0.645,162,1.045,236,1.523
2026-09-29 11:13:51,2,779011,110,0.710,154,0.994,232,1.497
2026-09-29 11:13:53,2,781011,103,0.665,157,1.013,237,1.529
2026-09-29 11:13:55,2,783011,104,0.671,159,1.026,233,1.503
2026-09-29 11:13:57,2,785011,106,0.684,155,1.000,235,1.516
2026-09-29 11:13:59,2,787011,108,0.697,160,1.032,230,1.484
2026-09-29 11:14:01,2,789011,103,0.665,153,0.987,240,1.548
2026-09-29 11:14:03,2,791011,101,0.652,157,1.013,239,1.542
2026-09-29 11:14:05,2,793011,110,0.710,164,1.058,239,1.542
2026-09-29 11:14:07,2,795011,109,0.703,165,1.065,240,1.548
2026-09-29 11:14:09,2,797011,108,0.697,162,1.045,238,1.535
2026-09-29 11:14:11,2,799011,109,0.703,153,0.987,238,1.535
2026-09-29 11:14:13,2,801011,115,0.742,156,1.006,240,1.548
2026-09-29 11:14:15,2,803011,117,0.755,160,1.032,240,1.548
2026-09-29 11:14:17,2,805011,108,0.697,164,1.058,236,1.523
2026-09-29 11:14:19,2,807011,111,0.716,157,1.013,240,1.548
2026-09-29 11:14:21,2,809011,112,0.723,156,1.006,239,1.542
2026-09-29 11:14:23,2,811011,112,0.723,164,1.058,240,1.548
2026-09-29 11:14:25,2,813011,107,0.690,157,1.013,244,1.574
2026-09-29 11:14:27,2,815011,109,0.703,170,1.097,233,1.503
2026-09-29 11:14:29,2,817011,100,0.645,166,1.071,240,1.548
2026-09-29 11:14:31,2,819011,108,0.697,165,1.065,248,1.600
2026-09-29 11:14:33,2,821011,110,0.710,151,0.974,238,1.535
2026-09-29 11:14:35,2,823011,112,0.723,160,1.032,237,1.529
2026-09-29 11:14:37,2,825011,111,0.716,176,1.135,233,1.503
2026-09-29 11:14:39,2,827011,108,0.697,156,1.006,239,1.542
2026-09-29 11:14:41,2,829011,108,0.697,160,1.032,242,1.561
2026-09-29 11:14:43,2,831011,107,0.690,151,0.974,234,1.510
2026-09-29 11:14:45,2,833011,108,0.697,145,0.935,237,1.529
2026-09-29 11:14:47,2,835011,101,0.652,165,1.065,239,1.542
2026-09-29 11:14:49,2,837011,101,0.652,164,1.058,240,1.548
2026-09-29 11:14:51,2,839011,107,0.690,157,1.013,236,1.523
2026-09-29 11:14:53,2,841011,103,0.665,156,1.006,235,1.516
2026-09-29 11:14:55,2,843011,104,0.671,159,1.026,236,1.523
2026-09-29 11:14:57,2,845011,110,0.710,156,1.006,240,1.548
2026-09-29 11:14:59,2,847011,108,0.697,169,1.090,236,1.523
2026-09-29 11:15:01,2,849011,120,0.774,140,0.903,228,1.471
2026-09-29 11:15:03,2,851011,107,0.690,152,0.981,235,1.516
2026-09-29 11:15:05,2,853011,106,0.684,162,1.045,242,1.561
2026-09-29 11:15:07,2,855011,108,0.697,152,0.981,236,1.523
2026-09-29 11:15:09,2,857011,110,0.710,158,1.019,237,1.529
2026-09-29 11:15:11,2,859011,113,0.729,160,1.032,239,1.542
2026-09-29 11:15:13,2,861011,111,0.716,149,0.961,231,1.490
2026-09-29 11:15:15,2,863011,103,0.665,167,1.077,240,1.548
2026-09-29 11:15:17,2,865011,105,0.677,156,1.006,239,1.542
2026-09-29 11:15:19,2,867011,109,0.703,161,1.039,235,1.516
2026-09-29 11:15:21,2,869011,108,0.697,163,1.052,242,1.561
2026-09-29 11:15:23,2,871011,108,0.697,164,1.058,239,1.542
2026-09-29 11:15:25,2,873011,107,0.690,163,1.052,239,1.542
2026-09-29 11:15:27,2,875011,107,0.690,159,1.026,233,1.503
2026-09-29 11:15:29,2,877011,105,0.677,143,0.923,241,1.555
2026-09-29 11:15:31,2,879011,112,0.723,153,0.987,239,1.542
2026-09-29 11:15:33,2,881011,107,0.690,160,1.032,239,1.542
2026-09-29 11:15:35,2,883011,112,0.723,162,1.045,242,1.561
2026-09-29 11:15:37,2,885011,110,0.710,160,1.032,239,1.542
2026-09-29 11:15:39,2,887011,105,0.677,165,1.065,236,1.523
2026-09-29 11:15:41,2,889011,91,0.587,154,0.994,238,1.535
2026-09-29 11:15:43,2,891011,101,0.652,157,1.013,248,1.600
2026-09-29 11:15:45,2,893011,110,0.710,166,1.071,240,1.548
2026-09-29 11:15:47,2,895011,106,0.684,155,1.000,239,1.542
2026-09-29 11:15:49,2,897011,106,0.684,164,1.058,240,1.548
2026-09-29 11:15:51,2,899011,106,0.684,157,1.013,238,1.535
2026-09-29 11:15:53,2,901011,112,0.723,164,1.058,236,1.523
2026-09-29 11:15:55,2,903011,108,0.697,156,1.006,239,1.542
2026-09-29 11:15:57,2,905011,108,0.697,164,1.058,237,1.529
2026-09-29 11:15:59,2,907011,104,0.671,152,0.981,242,1.561
2026-09-29 11:16:01,2,909011,107,0.690,161,1.039,236,1.523
2026-09-29 11:16:03,2,911011,108,0.697,164,1.058,236,1.523
2026-09-29 11:16:05,2,913011,107,0.690,152,0.981,244,1.574
2026-09-29 11:16:07,2,915011,116,0.748,160,1.032,248,1.600
2026-09-29 11:16:09,2,917011,108,0.697,161,1.039,241,1.555
2026-09-29 11:16:11,2,919011,101,0.652,164,1.058,243,1.568
2026-09-29 11:16:13,2,921011,109,0.703,164,1.058,234,1.510
2026-09-29 11:16:15,2,923011,107,0.690,157,1.013,237,1.529
2026-09-29 11:16:17,2,925011,102,0.658,163,1.052,244,1.574
2026-09-29 11:16:19,2,927011,97,0.626,155,1.000,240,1.548
2026-09-29 11:16:21,2,929011,120,0.774,144,0.929,236,1.523
2026-09-29 11:16:23,2,931011,106,0.684,163,1.052,240,1.548
2026-09-29 11:16:25,2,933011,120,0.774,154,0.994,239,1.542
2026-09-29 11:16:27,2,935011,114,0.735,151,0.974,240,1.548
2026-09-29 11:16:29,2,937011,109,0.703,150,0.968,236,1.523
2026-09-29 11:16:31,2,939011,101,0.652,166,1.071,241,1.555
2026-09-29 11:16:33,2,941011,102,0.658,159,1.026,239,1.542
2026-09-29 11:16:35,2,943011,97,0.626,159,1.026,231,1.490
2026-09-29 11:16:37,2,945011,108,0.697,160,1.032,240,1.548
2026-09-29 11:16:39,2,947011,105,0.677,169,1.090,231,1.490
2026-09-29 11:16:41,2,949011,112,0.723,156,1.006,240,1.548
2026-09-29 11:16:43,2,951011,105,0.677,167,1.077,240,1.548
2026-09-29 11:16:45,2,953011,106,0.684,156,1.006,233,1.503
2026-09-29 11:16:47,2,955011,108,0.697,161,1.039,240,1.548
2026-09-29 11:16:49,2,957011,110,0.710,175,1.129,241,1.555
2026-09-29 11:16:51,2,959011,106,0.684,168,1.084,237,1.529
2026-09-29 11:16:53,2,961011,108,0.697,165,1.065,236,1.523
2026-09-29 11:16:55,2,963011,104,0.671,159,1.026,236,1.523
2026-09-29 11:16:57,2,965011,103,0.665,160,1.032,236,1.523
2026-09-29 11:16:59,2,967011,107,0.690,156,1.006,235,1.516
2026-09-29 11:17:01,2,969011,114,0.735,161,1.039,236,1.523
2026-09-29 11:17:03,2,971011,106,0.684,150,0.968,236,1.523
2026-09-29 11:17:05,2,973011,108,0.697,155,1.000,234,1.510
2026-09-29 11:17:07,2,975011,106,0.684,168,1.084,237,1.529
2026-09-29 11:17:09,2,977011,105,0.677,164,1.058,241,1.555
2026-09-29 11:17:11,2,979011,103,0.665,156,1.006,233,1.503
2026-09-29 11:17:13,2,981011,106,0.684,164,1.058,234,1.510
2026-09-29 11:17:15,2,983011,108,0.697,165,1.065,244,1.574
2026-09-29 11:17:17,2,985011,104,0.671,150,0.968,242,1.561
2026-09-29 11:17:19,2,987011,108,0.697,164,1.058,238,1.535
2026-09-29 11:17:21,2,989011,111,0.716,160,1.032,236,1.523
2026-09-29 11:17:23,2,991011,112,0.723,161,1.039,240,1.548
2026-09-29 11:17:25,2,993011,110,0.710,154,0.994,240,1.548
2026-09-29 11:17:27,2,995011,109,0.703,166,1.071,235,1.516
2026-09-29 11:17:29,2,997011,104,0.671,148,0.955,236,1.523
2026-09-29 11:17:31,2,999011,112,0.723,156,1.006,238,1.535
2026-09-29 11:17:33,2,1001011,104,0.671,161,1.039,238,1.535
2026-09-29 11:17:35,2,1003011,101,0.652,162,1.045,236,1.523
2026-09-29 11:17:37,2,1005011,113,0.729,156,1.006,240,1.548
2026-09-29 11:17:39,2,1007011,106,0.684,156,1.006,236,1.523
2026-09-29 11:17:41,2,1009011,112,0.723,164,1.058,237,1.529
2026-09-29 11:17:43,2,1011011,104,0.671,156,1.006,232,1.497
2026-09-29 11:17:45,2,1013011,100,0.645,148,0.955,244,1.574
2026-09-29 11:17:47,2,1015011,102,0.658,138,0.890,232,1.497
2026-09-29 11:17:49,2,1017011,108,0.697,156,1.006,233,1.503
2026-09-29 11:17:51,2,1019011,112,0.723,136,0.877,233,1.503
2026-09-29 11:17:53,2,1021011,102,0.658,155,1.000,235,1.516
2026-09-29 11:17:55,2,1023011,106,0.684,152,0.981,233,1.503
2026-09-29 11:17:57,2,1025011,111,0.716,157,1.013,235,1.516
2026-09-29 11:17:59,2,1027011,105,0.677,159,1.026,235,1.516
2026-09-29 11:18:01,2,1029011,106,0.684,160,1.032,238,1.535
2026-09-29 11:18:03,2,1031011,106,0.684,157,1.013,235,1.516
2026-09-29 11:18:05,2,1033011,108,0.697,168,1.084,240,1.548
2026-09-29 11:18:07,2,1035011,108,0.697,162,1.045,239,1.542
2026-09-29 11:18:09,2,1037011,105,0.677,152,0.981,238,1.535
2026-09-29 11:18:11,2,1039011,108,0.697,156,1.006,238,1.535
2026-09-29 11:18:13,2,1041011,102,0.658,156,1.006,240,1.548
2026-09-29 11:18:15,2,1043011,106,0.684,154,0.994,238,1.535
2026-09-29 11:18:17,2,1045011,104,0.671,161,1.039,236,1.523
2026-09-29 11:18:19,2,1047011,108,0.697,164,1.058,240,1.548
2026-09-29 11:18:21,2,1049011,104,0.671,163,1.052,237,1.529
2026-09-29 11:18:23,2,1051011,106,0.684,157,1.013,241,1.555
2026-09-29 11:18:25,2,1053011,101,0.652,154,0.994,236,1.523
2026-09-29 11:18:27,2,1055011,103,0.665,161,1.039,239,1.542
2026-09-29 11:18:29,2,1057011,113,0.729,163,1.052,242,1.561
2026-09-29 11:18:31,2,1059011,97,0.626,158,1.019,236,1.523
2026-09-29 11:18:33,2,1061011,104,0.671,156,1.006,236,1.523
2026-09-29 11:18:35,2,1063011,112,0.723,159,1.026,236,1.523
2026-09-29 11:18:37,2,1065011,108,0.697,151,0.974,236,1.523
2026-09-29 11:18:39,2,1067011,104,0.671,156,1.006,236,1.523
2026-09-29 11:18:41,2,1069011,97,0.626,147,0.948,235,1.516
2026-09-29 11:18:43,2,1071011,109,0.703,155,1.000,237,1.529
2026-09-29 11:18:45,2,1073011,79,0.510,149,0.961,235,1.516
2026-09-29 11:18:47,2,1075011,109,0.703,158,1.019,240,1.548
2026-09-29 11:18:49,2,1077011,101,0.652,156,1.006,239,1.542
2026-09-29 11:18:51,2,1079011,113,0.729,141,0.910,238,1.535
2026-09-29 11:18:53,2,1081011,108,0.697,168,1.084,238,1.535
2026-09-29 11:18:55,2,1083011,104,0.671,160,1.032,237,1.529
2026-09-29 11:18:57,2,1085011,106,0.684,154,0.994,239,1.542
2026-09-29 11:18:59,2,1087011,104,0.671,158,1.019,243,1.568
2026-09-29 11:19:01,2,1089011,106,0.684,154,0.994,235,1.516
2026-09-29 11:19:03,2,1091011,102,0.658,156,1.006,231,1.490
2026-09-29 11:19:05,2,1093011,104,0.671,164,1.058,240,1.548
2026-09-29 11:19:07,2,1095011,104,0.671,167,1.077,240,1.548
2026-09-29 11:19:09,2,1097011,103,0.665,170,1.097,240,1.548
2026-09-29 11:19:11,2,1099011,110,0.710,165,1.065,239,1.542
2026-09-29 11:19:13,2,1101011,92,0.594,167,1.077,239,1.542
2026-09-29 11:19:15,2,1103011,105,0.677,162,1.045,244,1.574
2026-09-29 11:19:17,2,1105011,108,0.697,150,0.968,235,1.516
2026-09-29 11:19:19,2,1107011,108,0.697,157,1.013,243,1.568
2026-09-29 11:19:21,2,1109011,105,0.677,157,1.013,241,1.555
2026-09-29 11:19:23,2,1111011,96,0.619,156,1.006,244,1.574
2026-09-29 11:19:25,2,1113011,106,0.684,151,0.974,244,1.574
2026-09-29 11:19:27,2,1115011,99,0.639,158,1.019,239,1.542
2026-09-29 11:19:29,2,1117011,96,0.619,156,1.006,240,1.548
2026-09-29 11:19:31,2,1119011,102,0.658,164,1.058,237,1.529
2026-09-29 11:19:33,2,1121011,93,0.600,151,0.974,235,1.516
2026-09-29 11:19:35,2,1123011,102,0.658,172,1.110,235,1.516
2026-09-29 11:19:37,2,1125011,103,0.665,156,1.006,241,1.555
2026-09-29 11:19:39,2,1127011,107,0.690,161,1.039,237,1.529
2026-09-29 11:19:41,2,1129011,108,0.697,177,1.142,235,1.516
2026-09-29 11:19:43,2,1131011,106,0.684,160,1.032,243,1.568
2026-09-29 11:19:45,2,1133011,108,0.697,163,1.052,238,1.535
2026-09-29 11:19:47,2,1135011,101,0.652,153,0.987,236,1.523
2026-09-29 11:19:49,2,1137011,104,0.671,161,1.039,236,1.523
2026-09-29 11:19:51,2,1139011,108,0.697,164,1.058,240,1.548
2026-09-29 11:19:53,2,1141011,102,0.658,156,1.006,240,1.548
2026-09-29 11:19:55,2,1143011,105,0.677,161,1.039,238,1.535
2026-09-29 11:19:57,2,1145011,104,0.671,182,1.174,248,1.600
2026-09-29 11:19:59,2,1147011,108,0.697,157,1.013,240,1.548
2026-09-29 11:20:01,2,1149011,108,0.697,152,0.981,244,1.574
2026-09-29 11:20:03,2,1151011,107,0.690,153,0.987,238,1.535
2026-09-29 11:20:05,2,1153011,102,0.658,164,1.058,239,1.542
2026-09-29 11:20:07,2,1155011,100,0.645,164,1.058,247,1.594
2026-09-29 11:20:09,2,1157011,105,0.677,153,0.987,235,1.516
2026-09-29 11:20:11,2,1159011,101,0.652,153,0.987,238,1.535
2026-09-29 11:20:13,2,1161011,100,0.645,156,1.006,237,1.529
2026-09-29 11:20:15,2,1163011,103,0.665,160,1.032,237,1.529
2026-09-29 11:20:17,2,1165011,110,0.710,164,1.058,244,1.574
2026-09-29 11:20:19,2,1167011,100,0.645,151,0.974,238,1.535
2026-09-29 11:20:21,2,1169011,101,0.652,148,0.955,236,1.523
2026-09-29 11:20:23,2,1171011,107,0.690,158,1.019,244,1.574
2026-09-29 11:20:25,2,1173011,110,0.710,160,1.032,244,1.574
2026-09-29 11:20:27,2,1175011,107,0.690,132,0.852,236,1.523
2026-09-29 11:20:29,2,1177011,103,0.665,155,1.000,243,1.568
2026-09-29 11:20:31,2,1179011,110,0.710,156,1.006,241,1.555
2026-09-29 11:20:33,2,1181011,103,0.665,168,1.084,243,1.568
2026-09-29 11:20:35,2,1183011,85,0.548,167,1.077,237,1.529
2026-09-29 11:20:37,2,1185011,100,0.645,166,1.071,238,1.535
2026-09-29 11:20:39,2,1187011,101,0.652,172,1.110,246,1.587
2026-09-29 11:20:41,2,1189011,103,0.665,157,1.013,245,1.581
2026-09-29 11:20:43,2,1191011,104,0.671,153,0.987,244,1.574
2026-09-29 11:20:45,2,1193011,114,0.735,172,1.110,252,1.626
2026-09-29 11:20:47,2,1195011,100,0.645,162,1.045,244,1.574
2026-09-29 11:20:49,2,1197011,104,0.671,151,0.974,244,1.574
2026-09-29 11:20:51,2,1199011,105,0.677,160,1.032,240,1.548
2026-09-29 11:20:53,2,1201011,100,0.645,156,1.006,243,1.568
2026-09-29 11:20:55,2,1203011,99,0.639,161,1.039,241,1.555
2026-09-29 11:20:57,2,1205011,102,0.658,167,1.077,242,1.561
2026-09-29 11:20:59,2,1207011,108,0.697,160,1.032,243,1.568
2026-09-29 11:21:01,2,1209011,107,0.690,157,1.013,242,1.561
2026-09-29 11:21:03,2,1211011,100,0.645,152,0.981,243,1.568
2026-09-29 11:21:05,2,1213011,102,0.658,173,1.116,243,1.568
2026-09-29 11:21:07,2,1215011,103,0.665,153,0.987,237,1.529
2026-09-29 11:21:09,2,1217011,112,0.723,153,0.987,247,1.594
2026-09-29 11:21:11,2,1219011,107,0.690,159,1.026,243,1.568
2026-09-29 11:21:13,2,1221011,92,0.594,153,0.987,246,1.587
2026-09-29 11:21:15,2,1223011,122,0.787,150,0.968,246,1.587
2026-09-29 11:21:17,2,1225011,103,0.665,155,1.000,244,1.574
2026-09-29 11:21:19,2,1227011,100,0.645,167,1.077,243,1.568
2026-09-29 11:21:21,2,1229011,109,0.703,171,1.103,244,1.574
2026-09-29 11:21:23,2,1231011,95,0.613,183,1.181,241,1.555
2026-09-29 11:21:25,2,1233011,102,0.658,178,1.148,245,1.581
2026-09-29 11:21:27,2,1235011,103,0.665,154,0.994,233,1.503
2026-09-29 11:21:29,2,1237011,107,0.690,160,1.032,245,1.581
2026-09-29 11:21:31,2,1239011,106,0.684,153,0.987,247,1.594
2026-09-29 11:21:33,2,1241011,108,0.697,156,1.006,246,1.587
2026-09-29 11:21:35,2,1243011,108,0.697,164,1.058,243,1.568
2026-09-29 11:21:37,2,1245011,105,0.677,167,1.077,240,1.548
2026-09-29 11:21:39,2,1247011,108,0.697,165,1.065,244,1.574
2026-09-29 11:21:41,2,1249011,108,0.697,161,1.039,250,1.613
2026-09-29 11:21:43,2,1251011,113,0.729,164,1.058,247,1.594
2026-09-29 11:21:45,2,1253011,107,0.690,164,1.058,246,1.587
2026-09-29 11:21:47,2,1255011,113,0.729,157,1.013,251,1.619
2026-09-29 11:21:49,2,1257011,106,0.684,160,1.032,245,1.581
2026-09-29 11:21:51,2,1259011,108,0.697,163,1.052,249,1.606
2026-09-29 11:21:53,2,1261011,108,0.697,161,1.039,244,1.574
2026-09-29 11:21:55,2,1263011,109,0.703,165,1.065,246,1.587
2026-09-29 11:21:57,2,1265011,108,0.697,165,1.065,244,1.574
2026-09-29 11:21:59,2,1267011,104,0.671,162,1.045,248,1.600
2026-09-29 11:22:01,2,1269011,108,0.697,165,1.065,245,1.581
2026-09-29 11:22:03,2,1271011,107,0.690,163,1.052,240,1.548
2026-09-29 11:22:05,2,1273011,107,0.690,168,1.084,248,1.600
2026-09-29 11:22:07,2,1275011,100,0.645,156,1.006,246,1.587
2026-09-29 11:22:09,2,1277011,111,0.716,156,1.006,247,1.594
2026-09-29 11:22:11,2,1279011,112,0.723,156,1.006,237,1.529
2026-09-29 11:22:13,2,1281011,109,0.703,159,1.026,248,1.600
2026-09-29 11:22:15,2,1283011,113,0.729,162,1.045,242,1.561
2026-09-29 11:22:17,2,1285011,98,0.632,157,1.013,240,1.548
2026-09-29 11:22:19,2,1287011,100,0.645,164,1.058,239,1.542
2026-09-29 11:22:21,2,1289011,120,0.774,169,1.090,242,1.561
2026-09-29 11:22:23,2,1291011,108,0.697,161,1.039,240,1.548
2026-09-29 11:22:25,2,1293011,104,0.671,167,1.077,244,1.574
2026-09-29 11:22:27,2,1295011,101,0.652,159,1.026,246,1.587
2026-09-29 11:22:29,2,1297011,113,0.729,162,1.045,245,1.581
2026-09-29 11:22:31,2,1299011,111,0.716,157,1.013,245,1.581
2026-09-29 11:22:33,2,1301011,105,0.677,156,1.006,244,1.574
2026-09-29 11:22:35,2,1303011,110,0.710,155,1.000,244,1.574
2026-09-29 11:22:37,2,1305011,107,0.690,158,1.019,244,1.574
2026-09-29 11:22:39,2,1307011,103,0.665,154,0.994,248,1.600
2026-09-29 11:22:41,2,1309011,106,0.684,159,1.026,245,1.581
2026-09-29 11:22:43,2,1311011,105,0.677,162,1.045,247,1.594
2026-09-29 11:22:45,2,1313011,103,0.665,166,1.071,247,1.594
2026-09-29 11:22:47,2,1315011,104,0.671,165,1.065,247,1.594
2026-09-29 11:22:49,2,1317011,101,0.652,158,1.019,247,1.594
2026-09-29 11:22:51,2,1319011,109,0.703,169,1.090,249,1.606
2026-09-29 11:22:53,2,1321011,108,0.697,161,1.039,250,1.613
2026-09-29 11:22:55,2,1323011,105,0.677,161,1.039,245,1.581
2026-09-29 11:22:57,2,1325011,105,0.677,154,0.994,249,1.606
2026-09-29 11:22:59,2,1327011,108,0.697,172,1.110,248,1.600
2026-09-29 11:23:01,2,1329011,104,0.671,157,1.013,250,1.613
2026-09-29 11:23:03,2,1331011,108,0.697,156,1.006,252,1.626
2026-09-29 11:23:05,2,1333011,103,0.665,156,1.006,241,1.555
2026-09-29 11:23:07,2,1335011,108,0.697,159,1.026,249,1.606
2026-09-29 11:23:09,2,1337011,107,0.690,158,1.019,250,1.613
2026-09-29 11:23:11,2,1339011,108,0.697,156,1.006,245,1.581
2026-09-29 11:23:13,2,1341011,101,0.652,165,1.065,244,1.574
2026-09-29 11:23:15,2,1343011,97,0.626,164,1.058,247,1.594
2026-09-29 11:23:17,2,1345011,101,0.652,164,1.058,244,1.574
2026-09-29 11:23:19,2,1347011,105,0.677,147,0.948,243,1.568
2026-09-29 11:23:21,2,1349011,104,0.671,179,1.155,246,1.587
2026-09-29 11:23:23,2,1351011,116,0.748,127,0.819,251,1.619
2026-09-29 11:23:25,2,1353011,95,0.613,164,1.058,262,1.690
2026-09-29 11:23:27,2,1355011,103,0.665,162,1.045,255,1.645
2026-09-29 11:23:29,2,1357011,96,0.619,151,0.974,248,1.600
2026-09-29 11:23:31,2,1359011,114,0.735,153,0.987,253,1.632
2026-09-29 11:23:33,2,1361011,108,0.697,160,1.032,252,1.626
2026-09-29 11:23:35,2,1363011,109,0.703,176,1.135,251,1.619
2026-09-29 11:23:37,2,1365011,101,0.652,165,1.065,255,1.645
2026-09-29 11:23:39,2,1367011,104,0.671,173,1.116,251,1.619
2026-09-29 11:23:41,2,1369011,115,0.742,154,0.994,264,1.703
2026-09-29 11:23:43,2,1371011,109,0.703,160,1.032,268,1.729
2026-09-29 11:23:45,2,1373011,99,0.639,149,0.961,260,1.677
2026-09-29 11:23:47,2,1375011,108,0.697,156,1.006,245,1.581
2026-09-29 11:23:49,2,1377011,104,0.671,161,1.039,250,1.613
2026-09-29 11:23:51,2,1379011,107,0.690,165,1.065,254,1.639
2026-09-29 11:23:53,2,1381011,106,0.684,170,1.097,252,1.626
2026-09-29 11:23:55,2,1383011,105,0.677,165,1.065,244,1.574
2026-09-29 11:23:57,2,1385011,109,0.703,164,1.058,253,1.632
2026-09-29 11:23:59,2,1387011,115,0.742,156,1.006,249,1.606
2026-09-29 11:24:01,2,1389011,112,0.723,164,1.058,251,1.619
2026-09-29 11:24:03,2,1391011,108,0.697,158,1.019,251,1.619
2026-09-29 11:24:05,2,1393011,103,0.665,153,0.987,242,1.561
2026-09-29 11:24:07,2,1395011,110,0.710,159,1.026,249,1.606
2026-09-29 11:24:09,2,1397011,104,0.671,166,1.071,249,1.606
2026-09-29 11:24:11,2,1399011,108,0.697,165,1.065,252,1.626
2026-09-29 11:24:13,2,1401011,108,0.697,164,1.058,253,1.632
2026-09-29 11:24:15,2,1403011,110,0.710,155,1.000,253,1.632
2026-09-29 11:24:17,2,1405011,97,0.626,148,0.955,252,1.626
2026-09-29 11:24:19,2,1407011,74,0.477,132,0.852,232,1.497
2026-09-29 11:24:21,2,1409011,140,0.903,196,1.265,283,1.826
2026-09-29 11:24:23,2,1411011,140,0.903,196,1.265,285,1.839
2026-09-29 11:24:25,2,1413011,144,0.929,189,1.219,284,1.832
2026-09-29 11:24:27,2,1415011,144,0.929,195,1.258,281,1.813
2026-09-29 11:24:29,2,1417011,140,0.903,183,1.181,280,1.806
2026-09-29 11:24:31,2,1419011,132,0.852,188,1.213,279,1.800
2026-09-29 11:24:33,2,1421011,144,0.929,194,1.252,281,1.813
2026-09-29 11:24:35,2,1423011,140,0.903,188,1.213,284,1.832
2026-09-29 11:24:37,2,1425011,136,0.877,192,1.239,287,1.852
2026-09-29 11:24:39,2,1427011,136,0.877,191,1.232,279,1.800
2026-09-29 11:24:41,2,1429011,143,0.923,189,1.219,278,1.794
2026-09-29 11:24:43,2,1431011,137,0.884,176,1.135,287,1.852
2026-09-29 11:24:45,2,1433011,144,0.929,188,1.213,276,1.781
2026-09-29 11:24:47,2,1435011,126,0.813,188,1.213,280,1.806
2026-09-29 11:24:49,2,1437011,139,0.897,189,1.219,277,1.787
2026-09-29 11:24:51,2,1439011,132,0.852,189,1.219,284,1.832
2026-09-29 11:24:53,2,1441011,137,0.884,187,1.206,283,1.826
2026-09-29 11:24:55,2,1443011,135,0.871,189,1.219,279,1.800
2026-09-29 11:24:57,2,1445011,134,0.865,187,1.206,276,1.781
2026-09-29 11:24:59,2,1447011,132,0.852,188,1.213,280,1.806
2026-09-29 11:25:01,2,1449011,135,0.871,188,1.213,278,1.794
2026-09-29 11:25:03,2,1451011,136,0.877,191,1.232,281,1.813
2026-09-29 11:25:05,2,1453011,132,0.852,184,1.187,279,1.800
2026-09-29 11:25:07,2,1455011,134,0.865,182,1.174,280,1.806
2026-09-29 11:25:09,2,1457011,127,0.819,184,1.187,281,1.813
2026-09-29 11:25:11,2,1459011,132,0.852,187,1.206,276,1.781
2026-09-29 11:25:13,2,1461011,126,0.813,187,1.206,279,1.800
2026-09-29 11:25:15,2,1463011,132,0.852,189,1.219,279,1.800
2026-09-29 11:25:17,2,1465011,131,0.845,189,1.219,281,1.813
2026-09-29 11:25:19,2,1467011,126,0.813,186,1.200,281,1.813
2026-09-29 11:25:21,2,1469011,127,0.819,190,1.226,279,1.800
2026-09-29 11:25:23,2,1471011,133,0.858,185,1.194,283,1.826
2026-09-29 11:25:25,2,1473011,126,0.813,186,1.200,276,1.781
2026-09-29 11:25:27,2,1475011,127,0.819,180,1.161,276,1.781
2026-09-29 11:25:29,2,1477011,130,0.839,181,1.168,276,1.781
2026-09-29 11:25:31,2,1479011,131,0.845,181,1.168,276,1.781
2026-09-29 11:25:33,2,1481011,125,0.806,179,1.155,279,1.800
2026-09-29 11:25:35,2,1483011,125,0.806,180,1.161,275,1.774
2026-09-29 11:25:37,2,1485011,133,0.858,177,1.142,278,1.794
2026-09-29 11:25:39,2,1487011,111,0.716,185,1.194,285,1.839
2026-09-29 11:25:41,2,1489011,124,0.800,204,1.316,275,1.774
2026-09-29 11:25:43,2,1491011,127,0.819,189,1.219,279,1.800
2026-09-29 11:25:45,2,1493011,126,0.813,179,1.155,284,1.832
2026-09-29 11:25:47,2,1495011,124,0.800,181,1.168,280,1.806
2026-09-29 11:25:49,2,1497011,136,0.877,187,1.206,278,1.794
2026-09-29 11:25:51,2,1499011,136,0.877,181,1.168,276,1.781
2026-09-29 11:25:53,2,1501011,124,0.800,180,1.161,281,1.813
2026-09-29 11:25:55,2,1503011,124,0.800,180,1.161,278,1.794
2026-09-29 11:25:57,2,1505011,124,0.800,169,1.090,272,1.755
2026-09-29 11:25:59,2,1507011,127,0.819,180,1.161,283,1.826
2026-09-29 11:26:01,2,1509011,131,0.845,191,1.232,275,1.774
2026-09-29 11:26:03,2,1511011,125,0.806,172,1.110,277,1.787
2026-09-29 11:26:05,2,1513011,127,0.819,180,1.161,281,1.813
2026-09-29 11:26:07,2,1515011,125,0.806,178,1.148,276,1.781
2026-09-29 11:26:09,2,1517011,125,0.806,182,1.174,278,1.794
2026-09-29 11:26:11,2,1519011,127,0.819,180,1.161,279,1.800
2026-09-29 11:26:13,2,1521011,123,0.794,177,1.142,281,1.813
2026-09-29 11:26:15,2,1523011,127,0.819,179,1.155,277,1.787
2026-09-29 11:26:17,2,1525011,126,0.813,185,1.194,290,1.871
2026-09-29 11:26:19,2,1527011,134,0.865,176,1.135,286,1.845
2026-09-29 11:26:21,2,1529011,131,0.845,180,1.161,290,1.871
2026-09-29 11:26:23,2,1531011,124,0.800,180,1.161,286,1.845
2026-09-29 11:26:25,2,1533011,125,0.806,183,1.181,283,1.826
2026-09-29 11:26:27,2,1535011,122,0.787,184,1.187,284,1.832
2026-09-29 11:26:29,2,1537011,124,0.800,185,1.194,284,1.832
2026-09-29 11:26:31,2,1539011,127,0.819,181,1.168,284,1.832
2026-09-29 11:26:33,2,1541011,127,0.819,179,1.155,283,1.826
2026-09-29 11:26:35,2,1543011,135,0.871,182,1.174,281,1.813
2026-09-29 11:26:37,2,1545011,131,0.845,185,1.194,281,1.813
2026-09-29 11:26:39,2,1547011,133,0.858,183,1.181,282,1.819
2026-09-29 11:26:41,2,1549011,122,0.787,182,1.174,278,1.794
2026-09-29 11:26:43,2,1551011,117,0.755,180,1.161,276,1.781
2026-09-29 11:26:45,2,1553011,121,0.781,182,1.174,280,1.806
2026-09-29 11:26:47,2,1555011,134,0.865,183,1.181,282,1.819
2026-09-29 11:26:49,2,1557011,137,0.884,181,1.168,283,1.826
2026-09-29 11:26:51,2,1559011,124,0.800,186,1.200,276,1.781
2026-09-29 11:26:53,2,1561011,130,0.839,183,1.181,280,1.806
2026-09-29 11:26:55,2,1563011,124,0.800,183,1.181,276,1.781
2026-09-29 11:26:57,2,1565011,123,0.794,187,1.206,275,1.774
2026-09-29 11:26:59,2,1567011,124,0.800,180,1.161,272,1.755
2026-09-29 11:27:01,2,1569011,134,0.865,174,1.123,273,1.761
2026-09-29 11:27:03,2,1571011,119,0.768,188,1.213,274,1.768
2026-09-29 11:27:05,2,1573011,125,0.806,181,1.168,275,1.774
2026-09-29 11:27:07,2,1575011,124,0.800,181,1.168,274,1.768
2026-09-29 11:27:09,2,1577011,117,0.755,183,1.181,276,1.781
2026-09-29 11:27:11,2,1579011,123,0.794,180,1.161,273,1.761
2026-09-29 11:27:13,2,1581011,130,0.839,183,1.181,274,1.768
2026-09-29 11:27:15,2,1583011,126,0.813,179,1.155,274,1.768
2026-09-29 11:27:17,2,1585011,125,0.806,180,1.161,270,1.742
2026-09-29 11:27:19,2,1587011,124,0.800,177,1.142,273,1.761
2026-09-29 11:27:21,2,1589011,124,0.800,177,1.142,275,1.774
2026-09-29 11:27:23,2,1591011,127,0.819,177,1.142,272,1.755
2026-09-29 11:27:25,2,1593011,131,0.845,181,1.168,271,1.748
2026-09-29 11:27:27,2,1595011,126,0.813,182,1.174,275,1.774
2026-09-29 11:27:29,2,1597011,127,0.819,187,1.206,274,1.768
2026-09-29 11:27:31,2,1599011,132,0.852,186,1.200,275,1.774
2026-09-29 11:27:33,2,1601011,130,0.839,182,1.174,276,1.781
2026-09-29 11:27:35,2,1603011,124,0.800,181,1.168,268,1.729
2026-09-29 11:27:37,2,1605011,117,0.755,180,1.161,272,1.755
2026-09-29 11:27:39,2,1607011,127,0.819,180,1.161,276,1.781
2026-09-29 11:27:41,2,1609011,125,0.806,182,1.174,273,1.761
2026-09-29 11:27:43,2,1611011,131,0.845,184,1.187,273,1.761
2026-09-29 11:27:45,2,1613011,123,0.794,180,1.161,268,1.729
2026-09-29 11:27:47,2,1615011,79,0.510,137,0.884,231,1.490
2026-09-29 11:27:49,2,1617011,76,0.490,136,0.877,229,1.477
2026-09-29 11:27:51,2,1619011,84,0.542,127,0.819,231,1.490
2026-09-29 11:27:53,2,1621011,74,0.477,133,0.858,225,1.452
2026-09-29 11:27:55,2,1623011,77,0.497,125,0.806,228,1.471
2026-09-29 11:27:57,2,1625011,73,0.471,131,0.845,212,1.368
2026-09-29 11:27:59,2,1627011,60,0.387,133,0.858,213,1.374
2026-09-29 11:28:01,2,1629011,74,0.477,132,0.852,217,1.400
2026-09-29 11:28:03,2,1631011,75,0.484,135,0.871,214,1.381
2026-09-29 11:28:05,2,1633011,69,0.445,119,0.768,216,1.394
2026-09-29 11:28:07,2,1635011,72,0.465,130,0.839,216,1.394
2026-09-29 11:28:09,2,1637011,71,0.458,121,0.781,214,1.381
2026-09-29 11:28:11,2,1639011,77,0.497,125,0.806,212,1.368
2026-09-29 11:28:13,2,1641011,70,0.452,118,0.761,210,1.355
2026-09-29 11:28:15,2,1643011,76,0.490,110,0.710,214,1.381
2026-09-29 11:28:17,2,1645011,72,0.465,105,0.677,218,1.406
2026-09-29 11:28:19,2,1647011,67,0.432,127,0.819,213,1.374
2026-09-29 11:28:21,2,1649011,80,0.516,116,0.748,209,1.348
2026-09-29 11:28:23,2,1651011,76,0.490,131,0.845,212,1.368
2026-09-29 11:28:25,2,1653011,76,0.490,131,0.845,215,1.387
2026-09-29 11:28:27,2,1655011,71,0.458,124,0.800,214,1.381
2026-09-29 11:28:29,2,1657011,74,0.477,132,0.852,214,1.381
2026-09-29 11:28:31,2,1659011,74,0.477,127,0.819,214,1.381
2026-09-29 11:28:33,2,1661011,64,0.413,127,0.819,215,1.387
2026-09-29 11:28:35,2,1663011,77,0.497,127,0.819,212,1.368
2026-09-29 11:28:37,2,1665011,68,0.439,127,0.819,213,1.374
2026-09-29 11:28:39,2,1667011,76,0.490,127,0.819,214,1.381
2026-09-29 11:28:41,2,1669011,69,0.445,127,0.819,214,1.381
2026-09-29 11:28:43,2,1671011,72,0.465,127,0.819,213,1.374
2026-09-29 11:28:45,2,1673011,73,0.471,127,0.819,213,1.374
2026-09-29 11:28:47,2,1675011,75,0.484,127,0.819,213,1.374
2026-09-29 11:28:49,2,1677011,73,0.471,125,0.806,214,1.381
2026-09-29 11:28:51,2,1679011,76,0.490,126,0.813,214,1.381
2026-09-29 11:28:53,2,1681011,75,0.484,127,0.819,213,1.374
2026-09-29 11:28:55,2,1683011,75,0.484,127,0.819,213,1.374
2026-09-29 11:28:57,2,1685011,75,0.484,127,0.819,213,1.374
2026-09-29 11:28:59,2,1687011,76,0.490,127,0.819,213,1.374
2026-09-29 11:29:01,2,1689011,73,0.471,127,0.819,213,1.374
2026-09-29 11:29:03,2,1691011,74,0.477,126,0.813,213,1.374
2026-09-29 11:29:05,2,1693011,75,0.484,127,0.819,215,1.387
2026-09-29 11:29:07,2,1695011,76,0.490,127,0.819,212,1.368
2026-09-29 11:29:09,2,1697011,75,0.484,127,0.819,213,1.374
2026-09-29 11:29:11,2,1699011,75,0.484,127,0.819,213,1.374
2026-09-29 11:29:13,2,1701011,75,0.484,127,0.819,212,1.368
2026-09-29 11:29:15,2,1703011,74,0.477,127,0.819,213,1.374
2026-09-29 11:29:17,2,1705011,76,0.490,126,0.813,213,1.374
2026-09-29 11:29:19,2,1707011,75,0.484,127,0.819,212,1.368
2026-09-29 11:29:21,2,1709011,75,0.484,127,0.819,213,1.374
2026-09-29 11:29:23,2,1711011,76,0.490,131,0.845,214,1.381
2026-09-29 11:29:25,2,1713011,77,0.497,131,0.845,217,1.400
2026-09-29 11:29:27,2,1715011,76,0.490,133,0.858,219,1.413
2026-09-29 11:29:29,2,1717011,79,0.510,132,0.852,220,1.419
2026-09-29 11:29:31,2,1719011,75,0.484,133,0.858,220,1.419
2026-09-29 11:29:33,2,1721011,76,0.490,133,0.858,220,1.419
2026-09-29 11:29:35,2,1723011,80,0.516,132,0.852,218,1.406
2026-09-29 11:29:37,2,1725011,77,0.497,132,0.852,218,1.406
2026-09-29 11:29:39,2,1727011,76,0.490,131,0.845,217,1.400
2026-09-29 11:29:41,2,1729011,77,0.497,131,0.845,218,1.406
2026-09-29 11:29:43,2,1731011,78,0.503,127,0.819,217,1.400
2026-09-29 11:29:45,2,1733011,77,0.497,132,0.852,217,1.400
2026-09-29 11:29:47,2,1735011,83,0.535,133,0.858,220,1.419
2026-09-29 11:29:49,2,1737011,81,0.523,137,0.884,221,1.426
2026-09-29 11:29:51,2,1739011,83,0.535,136,0.877,222,1.432
2026-09-29 11:29:53,2,1741011,81,0.523,135,0.871,222,1.432
2026-09-29 11:29:55,2,1743011,80,0.516,136,0.877,220,1.419
2026-09-29 11:29:57,2,1745011,82,0.529,135,0.871,220,1.419
2026-09-29 11:29:59,2,1747011,81,0.523,135,0.871,220,1.419
2026-09-29 11:30:01,2,1749011,83,0.535,135,0.871,220,1.419
2026-09-29 11:30:03,2,1751011,81,0.523,137,0.884,220,1.419
2026-09-29 11:30:05,2,1753011,81,0.523,136,0.877,220,1.419
2026-09-29 11:30:07,2,1755011,81,0.523,135,0.871,220,1.419
2026-09-29 11:30:09,2,1757011,82,0.529,137,0.884,220,1.419
2026-09-29 11:30:11,2,1759011,82,0.529,135,0.871,220,1.419
2026-09-29 11:30:13,2,1761011,82,0.529,136,0.877,218,1.406
2026-09-29 11:30:15,2,1763011,83,0.535,135,0.871,219,1.413
2026-09-29 11:30:17,2,1765011,83,0.535,136,0.877,216,1.394
2026-09-29 11:30:19,2,1767011,80,0.516,136,0.877,218,1.406
2026-09-29 11:30:21,2,1769011,82,0.529,137,0.884,220,1.419
2026-09-29 11:30:23,2,1771011,81,0.523,134,0.865,217,1.400
2026-09-29 11:30:25,2,1773011,82,0.529,136,0.877,219,1.413
2026-09-29 11:30:27,2,1775011,83,0.535,138,0.890,221,1.426
2026-09-29 11:30:29,2,1777011,83,0.535,138,0.890,223,1.439
2026-09-29 11:30:31,2,1779011,84,0.542,138,0.890,222,1.432
2026-09-29 11:30:33,2,1781011,84,0.542,136,0.877,221,1.426
2026-09-29 11:30:35,2,1783011,84,0.542,136,0.877,222,1.432
2026-09-29 11:30:37,2,1785011,83,0.535,139,0.897,223,1.439
2026-09-29 11:30:39,2,1787011,84,0.542,139,0.897,222,1.432
2026-09-29 11:30:41,2,1789011,84,0.542,139,0.897,224,1.445
2026-09-29 11:30:43,2,1791011,84,0.542,137,0.884,223,1.439
2026-09-29 11:30:45,2,1793011,84,0.542,138,0.890,224,1.445
2026-09-29 11:30:47,2,1795011,84,0.542,140,0.903,213,1.374
2026-09-29 11:30:49,2,1797011,84,0.542,139,0.897,224,1.445
2026-09-29 11:30:51,2,1799011,84,0.542,140,0.903,224,1.445
2026-09-29 11:30:53,2,1801011,82,0.529,140,0.903,225,1.452
