timestamp,node_id,temperature_C,humidity_pct,PM1_0,PM2_5,PM10,MQ2_raw_adc,MQ2_voltage_V,MQ9_raw_adc,MQ9_voltage_V,MQ135_raw_adc,MQ135_voltage_V
2026-10-03T13:37:21,test-node-01,31.2,68.5,18.4,42.7,76.3,420,1.35,510,1.64,610,1.96
2026-10-03T13:37:25,node-alpha,31.2,68.5,18.4,42.7,76.3,420,1.35,510,1.64,610,1.96
2026-10-03T13:37:26,node-beta,31.2,68.5,18.4,42.7,76.3,420,1.35,510,1.64,610,1.96
2026-10-03T13:37:26,test-node-01,31.2,68.5,18.4,42.7,76.3,420,1.35,510,1.64,610,1.96
2026-10-03T13:37:26,test-node-01,31.2,68.5,18.4,42.7,76.3,420,1.35,510,1.64,610,1.96
2026-10-03T13:37:27,test-node-01,31.2,68.5,18.4,42.7,76.3,420,1.35,510,1.64,610,1.96
2026-10-03T13:37:28,test-node-01,31.2,68.5,18.4,42.7,76.3,420,1.35,510,1.64,610,1.96
2026-10-03T20:16:09,test-node-01,31.2,68.5,18.4,42.7,76.3,420,1.35,510,1.64,610,1.96
2026-10-03T20:16:14,node-alpha,31.2,68.5,18.4,42.7,76.3,420,1.35,510,1.64,610,1.96
2026-10-03T20:16:14,node-beta,31.2,68.5,18.4,42.7,76.3,420,1.35,510,1.64,610,1.96
2026-10-03T20:16:14,test-node-01,31.2,68.5,18.4,42.7,76.3,420,1.35,510,1.64,610,1.96
2026-10-03T20:16:14,test-node-01,31.2,68.5,18.4,42.7,76.3,420,1.35,510,1.64,610,1.96
2026-10-03T20:16:14,test-node-01,31.2,68.5,18.4,42.7,76.3,420,1.35,510,1.64,610,1.96
2026-10-03T20:16:14,test-node-01,31.2,68.5,18.4,42.7,76.3,420,1.35,510,1.64,610,1.96
2026-10-03T20:16:51,test-node-01,31.2,68.5,18.4,42.7,76.3,420,1.35,510,1.64,610,1.96
2026-10-03T20:16:52,node-alpha,31.2,68.5,18.4,42.7,76.3,420,1.35,510,1.64,610,1.96
2026-10-03T20:16:52,node-beta,31.2,68.5,18.4,42.7,76.3,420,1.35,510,1.64,610,1.96
2026-10-03T20:16:52,test-node-01,31.2,68.5,18.4,42.7,76.3,420,1.35,510,1.64,610,1.96
2026-10-03T20:16:52,test-node-01,31.2,68.5,18.4,42.7,76.3,420,1.35,510,1.64,610,1.96
2026-10-03T20:16:52,test-node-01,31.2,68.5,18.4,42.7,76.3,420,1.35,510,1.64,610,1.96
2026-10-03T20:16:53,test-node-01,31.2,68.5,18.4,42.7,76.3,420,1.35,510,1.64,610,1.96
