timestamp,pm1_0,pm2_5,pm10
2026-09-30 22:29:03,84,132,147
2026-09-30 22:29:05,84,132,147
2026-09-30 22:29:07,84,132,146
2026-09-30 22:29:09,84,132,146
2026-09-30 22:29:11,85,131,145
2026-09-30 22:29:13,85,131,145
2026-09-30 22:29:15,85,131,145
2026-09-30 22:29:17,85,131,145
2026-09-30 22:29:19,86,131,145
2026-09-30 22:29:21,86,131,145
2026-09-30 22:29:23,86,131,145
2026-09-30 22:29:25,86,131,146
2026-09-30 22:29:27,86,132,146
2026-09-30 22:29:29,86,132,147
2026-09-30 22:29:31,86,132,147
2026-09-30 22:29:33,86,132,148
2026-09-30 22:29:35,86,133,148
2026-09-30 22:29:37,86,133,149
2026-09-30 22:29:39,86,134,149
2026-09-30 22:29:41,86,134,149
2026-09-30 22:29:43,86,134,150
2026-09-30 22:29:45,86,134,150
2026-09-30 22:29:47,87,134,149
2026-09-30 22:29:49,87,134,149
2026-09-30 22:29:51,87,134,149
2026-09-30 22:29:53,87,134,149
2026-09-30 22:29:55,87,134,149
2026-09-30 22:29:57,87,134,149
2026-09-30 22:29:59,87,134,149
2026-09-30 22:30:01,87,134,149
2026-09-30 22:30:03,87,134,149
2026-09-30 22:30:05,87,135,150
2026-09-30 22:30:07,87,135,152
2026-09-30 22:30:09,89,136,152
2026-09-30 22:30:11,89,136,152
2026-09-30 22:30:13,89,136,152
2026-09-30 22:30:15,89,137,152
2026-09-30 22:30:17,89,137,152
2026-09-30 22:30:19,89,137,153
2026-09-30 22:30:21,89,137,153
2026-09-30 22:30:23,89,137,153
2026-09-30 22:30:25,89,137,153
2026-09-30 22:30:27,89,137,153
2026-09-30 22:30:29,90,137,153
2026-09-30 22:30:31,90,137,153
2026-09-30 22:30:33,90,137,153
2026-09-30 22:30:35,90,137,153
2026-09-30 22:30:37,90,137,154
2026-09-30 22:30:39,90,137,153
2026-09-30 22:30:41,90,137,153
2026-09-30 22:30:43,89,138,153
2026-09-30 22:30:45,89,138,153
2026-09-30 22:30:47,90,138,153
2026-09-30 22:30:49,90,138,153
2026-09-30 22:30:51,90,138,153
2026-09-30 22:30:53,90,138,153
2026-09-30 22:30:55,90,138,153
2026-09-30 22:30:57,90,138,153
2026-09-30 22:30:59,90,138,153
2026-09-30 22:31:01,90,138,154
2026-09-30 22:31:03,90,138,154
2026-09-30 22:31:05,90,138,154
2026-09-30 22:31:07,90,138,154
2026-09-30 22:31:09,90,138,154
2026-09-30 22:31:11,90,140,155
2026-09-30 22:31:13,90,140,156
2026-09-30 22:31:15,89,140,156
2026-09-30 22:31:17,89,139,156
2026-09-30 22:31:19,89,139,155
2026-09-30 22:31:21,88,138,155
2026-09-30 22:31:23,88,138,155
2026-09-30 22:31:27,89,141,159
2026-09-30 22:31:29,89,141,159
2026-09-30 22:31:31,89,141,160
2026-09-30 22:31:33,89,141,160
2026-09-30 22:31:35,89,141,159
2026-09-30 22:31:37,89,140,159
2026-09-30 22:31:39,89,140,158
2026-09-30 22:31:41,89,140,158
2026-09-30 22:31:43,89,140,158
2026-09-30 22:31:45,89,140,158
2026-09-30 22:31:47,90,140,158
2026-09-30 22:31:49,90,141,158
2026-09-30 22:31:51,90,141,159
2026-09-30 22:31:53,91,36352,40960
2026-09-30 22:31:55,91,142,160
2026-09-30 22:31:57,91,142,160
2026-09-30 22:31:59,91,142,160
2026-09-30 22:32:01,90,142,159
2026-09-30 22:32:03,90,142,159
2026-09-30 22:32:05,90,142,158
2026-09-30 22:32:07,90,154,60
2026-09-30 22:32:09,90,139,154
2026-09-30 22:32:11,90,139,154
2026-09-30 22:32:13,90,139,154
2026-09-30 22:32:15,90,139,154
2026-09-30 22:32:17,90,139,154
2026-09-30 22:32:19,90,139,154
2026-09-30 22:32:21,90,139,60
2026-09-30 22:32:23,90,138,153
2026-09-30 22:32:25,90,137,153
2026-09-30 22:32:27,90,137,153
2026-09-30 22:32:29,90,137,153
2026-09-30 22:32:31,90,137,153
2026-09-30 22:32:33,90,137,153
2026-09-30 22:32:35,90,137,152
2026-09-30 22:32:37,90,137,152
2026-09-30 22:32:39,90,136,151
2026-09-30 22:32:41,89,136,151
2026-09-30 22:32:43,89,135,151
2026-09-30 22:32:45,89,136,152
2026-09-30 22:32:47,89,136,152
2026-09-30 22:32:49,89,136,152
2026-09-30 22:32:51,87,134,150
2026-09-30 22:32:53,87,134,150
2026-09-30 22:32:55,87,134,150
2026-09-30 22:32:57,87,134,150
2026-09-30 22:32:59,87,134,150
2026-09-30 22:33:01,87,134,150
2026-09-30 22:33:03,87,134,150
2026-09-30 22:33:05,87,134,150
2026-09-30 22:33:07,87,134,151
2026-09-30 22:33:09,87,135,152
2026-09-30 22:33:11,87,135,153
2026-09-30 22:33:13,87,136,155
2026-09-30 22:33:15,87,136,155
2026-09-30 22:33:17,87,136,154
2026-09-30 22:33:19,86,134,153
2026-09-30 22:33:21,87,135,153
2026-09-30 22:33:23,87,135,153
2026-09-30 22:33:25,87,135,154
2026-09-30 22:33:27,87,135,154
2026-09-30 22:33:29,87,135,154
2026-09-30 22:33:31,87,135,154
2026-09-30 22:33:33,87,135,153
2026-09-30 22:33:35,87,135,153
2026-09-30 22:33:37,87,135,152
2026-09-30 22:33:39,87,134,152
2026-09-30 22:33:41,86,132,148
2026-09-30 22:33:43,86,132,148
2026-09-30 22:33:45,86,132,148
2026-09-30 22:33:47,88,133,150
2026-09-30 22:33:49,88,134,151
2026-09-30 22:33:51,88,134,151
2026-09-30 22:33:53,88,134,152
2026-09-30 22:33:55,88,135,152
2026-09-30 22:33:57,88,135,152
2026-09-30 22:33:59,88,135,152
2026-09-30 22:34:01,88,135,152
2026-09-30 22:34:03,88,135,153
2026-09-30 22:34:05,88,135,153
2026-09-30 22:34:07,88,135,153
2026-09-30 22:34:09,86,134,152
2026-09-30 22:34:11,85,134,152
2026-09-30 22:34:13,85,134,152
2026-09-30 22:34:15,86,135,154
2026-09-30 22:34:17,86,135,154
2026-09-30 22:34:19,86,135,154
2026-09-30 22:34:21,86,135,154
2026-09-30 22:34:23,86,135,154
2026-09-30 22:34:25,87,135,154
2026-09-30 22:34:27,87,135,153
2026-09-30 22:34:29,87,135,152
2026-09-30 22:34:31,87,134,151
2026-09-30 22:34:33,86,133,150
2026-09-30 22:34:35,86,132,149
2026-09-30 22:34:37,84,130,146
2026-09-30 22:34:39,84,130,146
2026-09-30 22:34:41,84,130,146
2026-09-30 22:34:43,85,131,147
2026-09-30 22:34:45,85,132,147
2026-09-30 22:34:47,85,132,147
2026-09-30 22:34:49,85,132,147
2026-09-30 22:34:51,86,132,147
2026-09-30 22:34:53,86,132,147
2026-09-30 22:34:55,86,133,148
2026-09-30 22:34:57,86,133,148
2026-09-30 22:34:59,86,133,148
2026-09-30 22:35:01,86,134,149
2026-09-30 22:35:03,86,134,149
2026-09-30 22:35:05,85,134,150
2026-09-30 22:35:07,85,135,150
2026-09-30 22:35:09,84,135,151
2026-09-30 22:35:11,84,133,151
2026-09-30 22:35:13,84,133,151
2026-09-30 22:35:15,84,133,150
2026-09-30 22:35:17,84,133,150
2026-09-30 22:35:19,84,133,150
2026-09-30 22:35:21,84,133,150
2026-09-30 22:35:23,84,133,150
2026-09-30 22:35:25,84,133,150
2026-09-30 22:35:27,84,133,149
2026-09-30 22:35:29,84,133,149
2026-09-30 22:35:31,84,133,149
2026-09-30 22:35:33,85,133,149
2026-09-30 22:35:35,85,133,149
2026-09-30 22:35:37,85,133,149
2026-09-30 22:35:39,87,135,150
2026-09-30 22:35:41,87,135,150
2026-09-30 22:35:43,87,135,150
2026-09-30 22:35:45,87,135,150
2026-09-30 22:35:47,87,135,149
2026-09-30 22:35:49,87,134,148
2026-09-30 22:35:51,86,133,148
2026-09-30 22:35:53,86,133,148
2026-09-30 22:35:57,86,133,148
2026-09-30 22:35:59,86,133,148
2026-09-30 22:36:01,86,133,149
2026-09-30 22:36:03,86,133,149
2026-09-30 22:36:05,86,133,149
2026-09-30 22:36:07,85,130,146
2026-09-30 22:36:09,85,130,146
2026-09-30 22:36:11,85,130,146
2026-09-30 22:36:13,85,130,146
2026-09-30 22:36:15,85,131,146
2026-09-30 22:36:17,85,131,146
2026-09-30 22:36:19,84,131,146
2026-09-30 22:36:23,86,133,147
2026-09-30 22:36:25,86,134,148
2026-09-30 22:36:27,86,134,148
2026-09-30 22:36:29,86,134,148
2026-09-30 22:36:31,87,135,149
2026-09-30 22:36:33,87,135,149
2026-09-30 22:36:35,87,135,149
2026-09-30 22:36:37,87,135,149
2026-09-30 22:36:39,87,135,149
2026-09-30 22:36:41,88,135,149
2026-09-30 22:36:43,88,135,149
2026-09-30 22:36:45,87,136,150
2026-09-30 22:36:47,87,135,149
2026-09-30 22:36:49,87,149,57
2026-09-30 22:36:51,86,134,148
2026-09-30 22:36:53,86,134,148
2026-09-30 22:36:55,86,134,148
2026-09-30 22:36:57,86,134,148
2026-09-30 22:36:59,86,134,147
2026-09-30 22:37:01,86,133,147
2026-09-30 22:37:03,86,133,147
2026-09-30 22:37:05,86,133,147
2026-09-30 22:37:07,86,133,147
2026-09-30 22:37:09,86,133,147
2026-09-30 22:37:11,87,134,148
2026-09-30 22:37:13,89,135,150
2026-09-30 22:37:15,89,136,150
2026-09-30 22:37:17,89,136,59
2026-09-30 22:37:19,89,138,153
2026-09-30 22:37:21,89,138,153
2026-09-30 22:37:23,89,138,154
2026-09-30 22:37:25,89,138,154
2026-09-30 22:37:27,89,138,154
2026-09-30 22:37:29,89,138,155
2026-09-30 22:37:31,89,138,155
2026-09-30 22:37:33,89,139,156
2026-09-30 22:37:35,89,140,157
2026-09-30 22:37:37,89,140,157
2026-09-30 22:37:39,90,140,157
2026-09-30 22:37:41,89,140,157
2026-09-30 22:37:43,89,140,157
2026-09-30 22:37:45,89,140,157
2026-09-30 22:37:47,89,140,157
2026-09-30 22:37:49,89,140,156
2026-09-30 22:37:51,89,140,156
2026-09-30 22:37:53,89,140,156
2026-09-30 22:37:55,89,140,156
2026-09-30 22:37:57,89,140,156
2026-09-30 22:37:59,89,140,156
2026-09-30 22:38:01,90,140,156
2026-09-30 22:38:03,90,140,156
2026-09-30 22:38:07,90,140,156
2026-09-30 22:38:09,91,140,157
2026-09-30 22:38:11,91,141,157
2026-09-30 22:38:13,91,141,157
2026-09-30 22:38:15,92,146,162
2026-09-30 22:38:17,93,146,162
2026-09-30 22:38:19,93,146,163
2026-09-30 22:38:21,93,146,163
2026-09-30 22:38:23,93,146,163
2026-09-30 22:38:25,94,146,163
2026-09-30 22:38:27,94,146,163
2026-09-30 22:38:29,94,146,164
2026-09-30 22:38:31,94,146,164
2026-09-30 22:38:33,94,146,164
2026-09-30 22:38:35,94,145,163
2026-09-30 22:38:37,94,145,163
2026-09-30 22:38:39,94,144,162
2026-09-30 22:38:41,94,144,162
2026-09-30 22:38:43,95,143,160
2026-09-30 22:38:45,95,143,161
2026-09-30 22:38:47,95,144,161
2026-09-30 22:38:49,95,144,162
2026-09-30 22:38:51,95,145,163
2026-09-30 22:38:53,95,146,164
2026-09-30 22:38:55,95,147,165
2026-09-30 22:38:57,97,150,168
2026-09-30 22:38:59,97,150,168
2026-09-30 22:39:01,97,150,168
2026-09-30 22:39:03,97,151,168
2026-09-30 22:39:05,97,151,169
2026-09-30 22:39:07,97,151,169
2026-09-30 22:39:09,97,151,168
2026-09-30 22:39:11,95,149,167
2026-09-30 22:39:13,95,149,167
2026-09-30 22:39:15,95,149,167
2026-09-30 22:39:17,95,149,167
2026-09-30 22:39:19,96,149,167
2026-09-30 22:39:21,96,149,167
2026-09-30 22:39:23,97,149,167
2026-09-30 22:39:25,98,149,168
2026-09-30 22:39:27,98,149,168
2026-09-30 22:39:29,98,149,168
2026-09-30 22:39:31,98,150,168
2026-09-30 22:39:33,98,150,169
2026-09-30 22:39:35,98,151,169
2026-09-30 22:39:37,98,151,170
2026-09-30 22:39:39,97,153,171
2026-09-30 22:39:41,97,152,170
2026-09-30 22:39:43,97,151,168
2026-09-30 22:39:45,97,151,168
2026-09-30 22:39:47,97,151,168
2026-09-30 22:39:49,97,151,168
2026-09-30 22:39:51,97,151,168
2026-09-30 22:39:53,98,154,172
2026-09-30 22:39:55,98,154,173
2026-09-30 22:39:57,99,154,173
2026-09-30 22:39:59,99,154,173
2026-09-30 22:40:01,99,154,173
2026-09-30 22:40:03,99,154,173
2026-09-30 22:40:05,100,154,172
2026-09-30 22:40:07,103,154,171
2026-09-30 22:40:09,103,154,171
2026-09-30 22:40:11,103,154,171
2026-09-30 22:40:13,103,155,171
2026-09-30 22:40:15,103,155,172
2026-09-30 22:40:17,103,155,172
2026-09-30 22:40:19,102,155,172
2026-09-30 22:40:21,102,156,172
2026-09-30 22:40:23,102,156,173
2026-09-30 22:40:25,102,156,173
2026-09-30 22:40:27,102,157,174
2026-09-30 22:40:29,102,157,175
2026-09-30 22:40:31,103,158,175
2026-09-30 22:40:33,103,158,176
2026-09-30 22:40:35,105,159,177
2026-09-30 22:40:37,104,159,177
2026-09-30 22:40:39,104,159,178
2026-09-30 22:40:41,104,159,178
2026-09-30 22:40:43,104,159,178
2026-09-30 22:40:45,104,159,178
2026-09-30 22:40:47,104,159,178
2026-09-30 22:40:49,103,158,178
2026-09-30 22:40:51,103,158,178
2026-09-30 22:40:53,103,158,178
2026-09-30 22:40:55,103,158,178
2026-09-30 22:40:57,103,158,178
2026-09-30 22:40:59,103,159,178
2026-09-30 22:41:01,103,159,178
2026-09-30 22:41:03,105,161,178
2026-09-30 22:41:05,105,161,178
2026-09-30 22:41:07,105,161,178
2026-09-30 22:41:09,105,162,178
2026-09-30 22:41:11,105,162,178
2026-09-30 22:41:13,105,162,178
2026-09-30 22:41:15,105,161,177
2026-09-30 22:41:19,103,157,173
2026-09-30 22:41:21,103,157,173
2026-09-30 22:41:23,103,158,173
2026-09-30 22:41:25,103,158,173
2026-09-30 22:41:27,103,158,173
2026-09-30 22:41:29,103,157,173
2026-09-30 22:41:31,0,40448,44544
2026-09-30 22:41:33,103,158,175
2026-09-30 22:41:35,103,158,175
2026-09-30 22:41:37,103,158,175
2026-09-30 22:41:39,104,159,176
2026-09-30 22:41:41,104,159,177
2026-09-30 22:41:43,104,159,177
2026-09-30 22:41:45,104,176,69
2026-09-30 22:41:47,104,159,176
2026-09-30 22:41:49,104,159,176
2026-09-30 22:41:51,103,159,176
2026-09-30 22:41:53,103,158,175
2026-09-30 22:41:55,103,158,175
2026-09-30 22:41:57,103,158,175
2026-09-30 22:41:59,103,158,45056
2026-09-30 22:42:01,104,159,176
2026-09-30 22:42:03,104,159,176
2026-09-30 22:42:05,104,159,176
2026-09-30 22:42:07,104,159,176
2026-09-30 22:42:09,104,159,176
2026-09-30 22:42:11,105,158,176
2026-09-30 22:42:13,104,158,68
2026-09-30 22:42:15,102,156,175
2026-09-30 22:42:17,102,156,176
2026-09-30 22:42:19,102,157,177
2026-09-30 22:42:21,103,157,177
2026-09-30 22:42:23,103,158,178
2026-09-30 22:42:25,103,159,179
2026-09-30 22:42:27,103,159,179
2026-09-30 22:42:29,103,160,180
2026-09-30 22:42:31,103,160,180
2026-09-30 22:42:33,103,161,180
2026-09-30 22:42:35,103,161,181
2026-09-30 22:42:37,104,162,181
2026-09-30 22:42:39,104,162,181
2026-09-30 22:42:41,104,162,181
2026-09-30 22:42:43,106,165,184
2026-09-30 22:42:45,106,165,184
2026-09-30 22:42:47,106,165,184
2026-09-30 22:42:49,106,165,184
2026-09-30 22:42:51,106,165,184
2026-09-30 22:42:53,106,165,184
2026-09-30 22:42:55,106,165,185
2026-09-30 22:42:57,105,163,182
2026-09-30 22:42:59,105,163,182
2026-09-30 22:43:01,105,163,182
2026-09-30 22:43:03,105,163,182
2026-09-30 22:43:05,105,163,182
2026-09-30 22:43:07,106,163,182
2026-09-30 22:43:09,106,164,183
2026-09-30 22:43:11,107,164,183
2026-09-30 22:43:13,107,164,183
2026-09-30 22:43:15,107,164,183
2026-09-30 22:43:17,107,163,183
2026-09-30 22:43:19,107,163,182
2026-09-30 22:43:21,106,163,182
2026-09-30 22:43:23,106,163,182
2026-09-30 22:43:25,106,163,181
2026-09-30 22:43:27,106,163,182
2026-09-30 22:43:29,107,163,182
2026-09-30 22:43:31,107,163,182
2026-09-30 22:43:33,107,163,183
2026-09-30 22:43:35,107,164,183
2026-09-30 22:43:37,107,164,183
2026-09-30 22:43:39,106,164,183
2026-09-30 22:43:41,106,164,183
2026-09-30 22:43:43,105,164,183
2026-09-30 22:43:45,105,164,182
2026-09-30 22:43:47,105,163,182
2026-09-30 22:43:49,105,163,182
2026-09-30 22:43:51,105,163,182
2026-09-30 22:43:53,105,164,183
2026-09-30 22:43:55,105,164,183
2026-09-30 22:43:57,105,164,183
2026-09-30 22:43:59,105,164,183
2026-09-30 22:44:01,105,164,184
2026-09-30 22:44:03,105,165,184
2026-09-30 22:44:05,105,165,184
2026-09-30 22:44:07,105,162,183
2026-09-30 22:44:09,105,162,183
2026-09-30 22:44:11,105,162,183
2026-09-30 22:44:13,105,162,183
2026-09-30 22:44:15,105,162,184
2026-09-30 22:44:17,105,161,183
2026-09-30 22:44:19,105,161,183
2026-09-30 22:44:21,105,161,182
2026-09-30 22:44:23,105,161,182
2026-09-30 22:44:25,105,162,183
2026-09-30 22:44:27,105,163,184
2026-09-30 22:44:29,105,164,185
2026-09-30 22:44:31,105,164,186
2026-09-30 22:44:33,105,165,186
2026-09-30 22:44:35,108,167,188
2026-09-30 22:44:37,108,167,188
2026-09-30 22:44:39,108,167,188
2026-09-30 22:44:41,108,167,187
2026-09-30 22:44:43,108,166,186
2026-09-30 22:44:45,107,166,185
2026-09-30 22:44:47,107,165,185
2026-09-30 22:44:51,107,167,188
2026-09-30 22:44:53,107,167,188
2026-09-30 22:44:55,107,167,188
2026-09-30 22:44:57,107,167,188
2026-09-30 22:44:59,107,167,188
2026-09-30 22:45:01,107,167,188
2026-09-30 22:45:03,107,167,187
2026-09-30 22:45:05,107,166,186
2026-09-30 22:45:07,107,166,185
2026-09-30 22:45:09,107,165,184
2026-09-30 22:45:11,107,165,184
2026-09-30 22:45:13,107,164,184
2026-09-30 22:45:15,106,164,183
2026-09-30 22:45:17,107,163,181
2026-09-30 22:45:21,107,163,182
2026-09-30 22:45:23,107,163,182
2026-09-30 22:45:25,107,163,181
2026-09-30 22:45:27,107,163,181
2026-09-30 22:45:29,107,163,181
2026-09-30 22:45:31,107,163,181
2026-09-30 22:45:33,107,163,181
2026-09-30 22:45:35,107,163,182
2026-09-30 22:45:37,107,163,182
2026-09-30 22:45:39,109,166,186
2026-09-30 22:45:41,109,167,186
2026-09-30 22:45:43,109,167,186
2026-09-30 22:45:45,110,169,189
2026-09-30 22:45:47,110,170,189
2026-09-30 22:45:49,110,170,190
2026-09-30 22:45:51,110,170,190
2026-09-30 22:45:53,109,170,190
2026-09-30 22:45:55,109,170,190
2026-09-30 22:45:57,109,170,190
2026-09-30 22:45:59,107,165,185
2026-09-30 22:46:01,107,165,185
2026-09-30 22:46:03,107,165,184
2026-09-30 22:46:05,106,165,184
2026-09-30 22:46:07,106,164,183
2026-09-30 22:46:09,106,164,182
2026-09-30 22:46:11,106,163,181
2026-09-30 22:46:13,106,162,180
2026-09-30 22:46:15,105,162,180
2026-09-30 22:46:17,105,162,180
2026-09-30 22:46:19,105,161,180
2026-09-30 22:46:21,106,161,180
2026-09-30 22:46:23,105,161,180
2026-09-30 22:46:25,105,161,180
2026-09-30 22:46:27,0,40960,45824
2026-09-30 22:46:29,105,160,179
2026-09-30 22:46:31,105,160,180
2026-09-30 22:46:33,105,160,180
2026-09-30 22:46:35,105,160,180
2026-09-30 22:46:37,105,160,180
2026-09-30 22:46:39,104,160,181
2026-09-30 22:46:41,104,183,69
2026-09-30 22:46:43,104,163,184
2026-09-30 22:46:45,104,163,184
2026-09-30 22:46:47,104,164,185
2026-09-30 22:46:49,104,164,185
2026-09-30 22:46:51,104,164,185
2026-09-30 22:46:53,104,164,185
2026-09-30 22:46:55,104,164,47104
2026-09-30 22:46:57,105,162,183
2026-09-30 22:46:59,105,162,183
2026-09-30 22:47:01,105,162,183
2026-09-30 22:47:03,105,162,182
2026-09-30 22:47:05,105,162,182
2026-09-30 22:47:07,105,161,182
2026-09-30 22:47:09,105,161,69
2026-09-30 22:47:11,104,159,178
2026-09-30 22:47:13,104,159,178
2026-09-30 22:47:15,104,159,178
2026-09-30 22:47:17,104,159,178
2026-09-30 22:47:19,104,159,178
2026-09-30 22:47:21,104,159,178
2026-09-30 22:47:23,104,159,178
2026-09-30 22:47:25,105,160,178
2026-09-30 22:47:27,105,160,179
2026-09-30 22:47:29,105,160,179
2026-09-30 22:47:31,105,160,179
2026-09-30 22:47:33,105,161,180
2026-09-30 22:47:35,105,161,180
2026-09-30 22:47:37,105,162,181
2026-09-30 22:47:39,105,161,181
2026-09-30 22:47:41,105,161,181
2026-09-30 22:47:43,105,161,181
2026-09-30 22:47:45,105,161,181
2026-09-30 22:47:47,105,162,181
2026-09-30 22:47:49,105,162,181
2026-09-30 22:47:51,105,162,181
2026-09-30 22:47:53,105,162,181
2026-09-30 22:47:55,105,162,180
2026-09-30 22:47:57,104,161,179
2026-09-30 22:47:59,104,161,179
2026-09-30 22:48:01,104,161,179
2026-09-30 22:48:03,104,160,178
2026-09-30 22:48:05,104,160,178
2026-09-30 22:48:07,104,160,178
2026-09-30 22:48:09,104,160,178
2026-09-30 22:48:11,104,160,178
2026-09-30 22:48:13,104,160,178
2026-09-30 22:48:15,104,161,179
2026-09-30 22:48:17,104,161,179
2026-09-30 22:48:19,104,161,179
2026-09-30 22:48:21,102,158,178
2026-09-30 22:48:23,102,158,177
2026-09-30 22:48:25,102,158,177
2026-09-30 22:48:27,102,158,177
2026-09-30 22:48:29,102,158,177
2026-09-30 22:48:31,102,158,177
2026-09-30 22:48:33,102,158,177
2026-09-30 22:48:35,102,158,177
2026-09-30 22:48:37,102,158,177
2026-09-30 22:48:39,102,158,177
2026-09-30 22:48:41,102,158,177
2026-09-30 22:48:43,101,157,176
2026-09-30 22:48:45,101,157,176
2026-09-30 22:48:47,101,157,176
2026-09-30 22:48:49,102,158,175
2026-09-30 22:48:51,102,158,175
2026-09-30 22:48:53,102,158,175
2026-09-30 22:48:55,102,158,175
2026-09-30 22:48:57,102,158,175
2026-09-30 22:48:59,102,158,175
2026-09-30 22:49:01,102,157,175
2026-09-30 22:49:03,102,157,175
2026-09-30 22:49:05,102,157,175
2026-09-30 22:49:07,102,157,175
2026-09-30 22:49:09,102,157,175
2026-09-30 22:49:11,102,157,175
2026-09-30 22:49:13,102,157,175
2026-09-30 22:49:15,102,157,175
2026-09-30 22:49:17,102,158,177
2026-09-30 22:49:19,102,158,177
2026-09-30 22:49:21,102,158,177
2026-09-30 22:49:23,102,158,178
2026-09-30 22:49:25,102,158,178
2026-09-30 22:49:27,102,159,179
2026-09-30 22:49:29,102,159,180
2026-09-30 22:49:31,102,160,180
2026-09-30 22:49:33,102,160,180
2026-09-30 22:49:35,102,160,180
2026-09-30 22:49:37,102,160,180
2026-09-30 22:49:39,102,159,178
2026-09-30 22:49:41,102,159,178
2026-09-30 22:49:43,102,159,178
2026-09-30 22:49:47,102,158,177
2026-09-30 22:49:49,102,158,177
2026-09-30 22:49:51,102,158,177
2026-09-30 22:49:53,102,159,177
2026-09-30 22:49:55,102,159,177
2026-09-30 22:49:57,102,159,177
2026-09-30 22:49:59,103,159,177
2026-09-30 22:50:01,103,159,177
2026-09-30 22:50:03,103,159,177
2026-09-30 22:50:05,103,159,177
2026-09-30 22:50:07,102,158,177
2026-09-30 22:50:09,102,158,176
2026-09-30 22:50:11,102,158,176
2026-09-30 22:50:13,102,158,176
2026-09-30 22:50:15,102,158,175
2026-09-30 22:50:17,102,158,175
2026-09-30 22:50:19,102,157,175
2026-09-30 22:50:21,101,157,174
2026-09-30 22:50:23,101,156,173
2026-09-30 22:50:25,101,155,172
2026-09-30 22:50:27,101,154,172
2026-09-30 22:50:29,100,153,171
2026-09-30 22:50:31,100,152,170
2026-09-30 22:50:33,99,152,169
2026-09-30 22:50:35,98,151,168
2026-09-30 22:50:37,98,151,168
2026-09-30 22:50:39,98,151,168
2026-09-30 22:50:41,97,149,167
2026-09-30 22:50:43,97,148,167
2026-09-30 22:50:45,97,148,167
2026-09-30 22:50:47,97,147,166
2026-09-30 22:50:49,97,147,166
2026-09-30 22:50:51,97,147,166
2026-09-30 22:50:53,97,147,165
2026-09-30 22:50:57,97,148,166
2026-09-30 22:50:59,97,148,166
2026-09-30 22:51:01,97,148,166
2026-09-30 22:51:03,97,148,166
2026-09-30 22:51:05,97,149,166
2026-09-30 22:51:07,97,149,166
2026-09-30 22:51:09,97,149,167
2026-09-30 22:51:11,98,149,167
2026-09-30 22:51:13,97,149,167
2026-09-30 22:51:15,97,149,167
2026-09-30 22:51:17,24832,38400,42752
2026-09-30 22:51:19,97,150,167
2026-09-30 22:51:21,151,168,65
2026-09-30 22:51:23,97,152,170
2026-09-30 22:51:25,97,153,171
2026-09-30 22:51:27,97,153,171
2026-09-30 22:51:29,97,153,171
2026-09-30 22:51:31,97,153,172
2026-09-30 22:51:33,97,153,172
2026-09-30 22:51:35,97,153,172
2026-09-30 22:51:37,97,153,172
2026-09-30 22:51:39,96,153,172
2026-09-30 22:51:41,96,153,172
2026-09-30 22:51:43,96,153,171
2026-09-30 22:51:45,96,153,170
2026-09-30 22:51:47,96,153,170
2026-09-30 22:51:49,96,152,170
2026-09-30 22:51:51,97,152,170
2026-09-30 22:51:53,97,151,168
2026-09-30 22:51:55,97,151,168
2026-09-30 22:51:57,97,150,168
2026-09-30 22:51:59,97,150,168
2026-09-30 22:52:01,97,150,168
2026-09-30 22:52:03,97,150,168
2026-09-30 22:52:05,97,150,168
2026-09-30 22:52:07,97,150,167
2026-09-30 22:52:09,97,150,167
2026-09-30 22:52:11,97,150,167
2026-09-30 22:52:13,97,150,167
2026-09-30 22:52:15,97,150,167
2026-09-30 22:52:17,97,149,167
2026-09-30 22:52:19,96,149,167
2026-09-30 22:52:21,94,146,162
2026-09-30 22:52:23,94,146,162
2026-09-30 22:52:25,94,146,162
2026-09-30 22:52:27,94,146,162
2026-09-30 22:52:29,94,146,162
2026-09-30 22:52:31,94,146,162
2026-09-30 22:52:33,94,145,161
2026-09-30 22:52:35,95,145,161
2026-09-30 22:52:37,94,145,161
2026-09-30 22:52:39,94,145,161
2026-09-30 22:52:41,94,145,162
2026-09-30 22:52:43,94,145,162
2026-09-30 22:52:45,94,145,162
2026-09-30 22:52:47,94,145,162
2026-09-30 22:52:49,95,145,162
2026-09-30 22:52:51,95,145,162
2026-09-30 22:52:53,95,145,162
2026-09-30 22:52:55,95,145,162
2026-09-30 22:52:57,95,144,162
2026-09-30 22:52:59,95,144,161
2026-09-30 22:53:01,95,144,161
2026-09-30 22:53:03,95,144,161
2026-09-30 22:53:05,95,144,161
2026-09-30 22:53:07,95,144,161
2026-09-30 22:53:09,95,144,161
2026-09-30 22:53:11,94,146,163
2026-09-30 22:53:13,94,146,164
2026-09-30 22:53:15,94,146,164
2026-09-30 22:53:17,91,144,162
2026-09-30 22:53:19,91,144,162
2026-09-30 22:53:21,91,144,162
2026-09-30 22:53:23,91,144,162
2026-09-30 22:53:25,91,144,162
2026-09-30 22:53:27,91,145,162
2026-09-30 22:53:29,92,145,162
2026-09-30 22:53:31,92,145,162
2026-09-30 22:53:33,92,145,163
2026-09-30 22:53:35,92,145,163
2026-09-30 22:53:37,92,145,163
2026-09-30 22:53:39,92,145,163
2026-09-30 22:53:41,92,145,163
2026-09-30 22:53:43,92,145,163
2026-09-30 22:53:45,91,141,158
2026-09-30 22:53:47,91,141,158
2026-09-30 22:53:49,91,141,158
2026-09-30 22:53:51,91,141,158
2026-09-30 22:53:53,91,141,158
2026-09-30 22:53:55,91,141,158
2026-09-30 22:53:57,91,141,158
2026-09-30 22:53:59,92,142,159
2026-09-30 22:54:01,92,142,159
2026-09-30 22:54:03,92,142,159
2026-09-30 22:54:05,93,142,159
2026-09-30 22:54:07,93,142,159
2026-09-30 22:54:09,93,142,159
2026-09-30 22:54:11,93,142,159
2026-09-30 22:54:13,92,141,157
2026-09-30 22:54:15,92,141,157
2026-09-30 22:54:17,92,141,157
2026-09-30 22:54:19,92,141,158
2026-09-30 22:54:21,92,141,158
2026-09-30 22:54:23,92,142,158
2026-09-30 22:54:25,91,142,159
2026-09-30 22:54:27,91,142,161
2026-09-30 22:54:29,91,142,161
2026-09-30 22:54:31,92,142,161
2026-09-30 22:54:33,92,142,162
2026-09-30 22:54:35,92,143,162
2026-09-30 22:54:37,92,143,162
2026-09-30 22:54:39,92,143,162
2026-09-30 22:54:41,91,140,157
2026-09-30 22:54:43,91,140,157
2026-09-30 22:54:45,91,140,157
2026-09-30 22:54:47,91,140,157
2026-09-30 22:54:49,91,140,157
2026-09-30 22:54:51,91,140,158
2026-09-30 22:54:53,91,140,158
2026-09-30 22:54:55,91,141,158
2026-09-30 22:54:57,91,141,158
2026-09-30 22:54:59,90,141,158
2026-09-30 22:55:01,90,141,158
2026-09-30 22:55:03,90,141,158
2026-09-30 22:55:05,90,141,158
2026-09-30 22:55:07,90,141,158
2026-09-30 22:55:09,88,137,157
2026-09-30 22:55:11,88,136,156
2026-09-30 22:55:13,88,136,155
2026-09-30 22:55:15,88,136,154
2026-09-30 22:55:17,88,136,154
2026-09-30 22:55:19,88,136,153
2026-09-30 22:55:21,88,136,153
2026-09-30 22:55:23,89,136,153
2026-09-30 22:55:25,89,136,154
2026-09-30 22:55:27,89,136,154
2026-09-30 22:55:29,89,136,154
2026-09-30 22:55:31,89,136,154
2026-09-30 22:55:33,89,136,154
2026-09-30 22:55:35,89,136,154
2026-09-30 22:55:37,89,136,153
2026-09-30 22:55:39,89,136,153
2026-09-30 22:55:41,89,136,153
2026-09-30 22:55:43,89,136,153
2026-09-30 22:55:45,89,136,153
2026-09-30 22:55:47,90,136,153
2026-09-30 22:55:49,90,136,154
2026-09-30 22:55:53,90,137,154
2026-09-30 22:55:55,90,136,154
2026-09-30 22:55:57,89,136,153
2026-09-30 22:55:59,88,135,153
2026-09-30 22:56:01,88,135,153
2026-09-30 22:56:03,88,135,153
2026-09-30 22:56:05,87,134,153
2026-09-30 22:56:07,87,135,153
2026-09-30 22:56:09,88,135,153
2026-09-30 22:56:11,88,135,153
2026-09-30 22:56:13,22784,34560,39168
2026-09-30 22:56:15,89,136,152
2026-09-30 22:56:17,132,148,58
2026-09-30 22:56:19,87,132,148
2026-09-30 22:56:21,87,133,148
2026-09-30 22:56:23,87,133,149
2026-09-30 22:56:25,87,133,149
2026-09-30 22:56:27,87,134,150
2026-09-30 22:56:29,88,134,150
2026-09-30 22:56:31,88,134,150
2026-09-30 22:56:33,88,134,150
2026-09-30 22:56:35,88,134,150
2026-09-30 22:56:39,87,134,150
2026-09-30 22:56:41,87,134,150
2026-09-30 22:56:43,87,134,150
2026-09-30 22:56:45,87,134,38400
2026-09-30 22:56:47,87,136,151
2026-09-30 22:56:49,87,136,151
2026-09-30 22:56:51,87,136,151
2026-09-30 22:56:53,87,136,152
2026-09-30 22:56:55,87,137,152
2026-09-30 22:56:57,87,137,152
2026-09-30 22:56:59,87,137,58
2026-09-30 22:57:01,87,136,152
2026-09-30 22:57:03,87,136,152
2026-09-30 22:57:05,87,136,152
2026-09-30 22:57:07,87,136,152
2026-09-30 22:57:09,87,136,152
2026-09-30 22:57:11,87,135,152
2026-09-30 22:57:13,87,135,152
2026-09-30 22:57:15,87,136,153
2026-09-30 22:57:17,87,136,153
2026-09-30 22:57:19,87,136,153
2026-09-30 22:57:21,87,136,153
2026-09-30 22:57:23,87,136,153
2026-09-30 22:57:25,87,136,153
2026-09-30 22:57:27,87,136,153
2026-09-30 22:57:29,88,134,150
2026-09-30 22:57:31,88,134,150
2026-09-30 22:57:33,88,134,150
2026-09-30 22:57:35,88,134,150
2026-09-30 22:57:37,88,134,149
2026-09-30 22:57:39,88,134,149
2026-09-30 22:57:41,88,134,150
2026-09-30 22:57:43,89,136,152
2026-09-30 22:57:45,89,136,152
2026-09-30 22:57:47,89,136,152
2026-09-30 22:57:49,89,136,153
2026-09-30 22:57:51,89,136,153
2026-09-30 22:57:53,89,136,153
2026-09-30 22:57:55,89,136,153
2026-09-30 22:57:57,88,134,151
2026-09-30 22:57:59,88,134,151
2026-09-30 22:58:01,88,134,150
2026-09-30 22:58:03,88,133,149
2026-09-30 22:58:05,87,132,148
2026-09-30 22:58:07,87,132,148
2026-09-30 22:58:09,87,132,148
2026-09-30 22:58:11,86,132,148
2026-09-30 22:58:13,86,132,148
2026-09-30 22:58:15,86,132,148
2026-09-30 22:58:17,86,132,148
2026-09-30 22:58:19,86,132,148
2026-09-30 22:58:21,86,132,148
2026-09-30 22:58:23,86,132,148
2026-09-30 22:58:25,86,132,148
2026-09-30 22:58:27,86,132,148
2026-09-30 22:58:29,86,132,148
2026-09-30 22:58:31,86,132,148
2026-09-30 22:58:33,86,132,148
2026-09-30 22:58:35,86,132,149
2026-09-30 22:58:37,86,133,149
2026-09-30 22:58:39,86,134,150
2026-09-30 22:58:41,86,134,151
2026-09-30 22:58:43,86,134,151
2026-09-30 22:58:45,86,134,151
2026-09-30 22:58:47,86,134,151
2026-09-30 22:58:49,86,135,151
2026-09-30 22:58:51,86,135,151
2026-09-30 22:58:53,89,135,151
2026-09-30 22:58:55,89,136,151
2026-09-30 22:58:57,89,136,151
2026-09-30 22:58:59,89,136,150
2026-09-30 22:59:01,89,136,150
